JXD-139,50375303
CRU-009,50375303
YYK-309,22777006
OTS-581,42157219
AWB-345,13245501
IHG-413,33397650
KQQ-136,97403853
OQI-373,78757121
PVZ-181,26290971
ICX-503,27912250
DFF-034,98140264
VCL-867,25171011
TZY-323,57263719
PJG-338,63437380
SSD-176,35584593
BWD-036,60574154
FLJ-040,73535476
JDC-028,31193794
OTH-462,73185299
QIL-029,86828079
UWA-476,77484838
XOA-735,13245501
OBI-353,79901434
AWB-345,16552775
CSZ-863,57690875
UWA-476,73535476
MLE-193,87813843
UOD-420,95751208
KWP-672,87800799
BXY-119,20864087
KCO-488,46462527
PQH-935,71984468
GBJ-693,15561764
XLF-273,43488351
RSE-049,15210391
CJE-310,79464412
SJQ-827,76388967
TKM-141,89148118
EBI-299,76388967
DFF-034,79140840
SSD-176,37110873
ZEX-027,43043986
OBI-353,73914283
SJD-818,41036366
GLC-370,28390487
YUQ-590,45783712
QHC-492,29337157
CIM-038,35565959
CRU-009,96258632
AHB-459,12663268
MQR-442,86828079
CNN-411,16552775
AFL-718,50365593
CIM-038,11602775
XZR-640,78078115
LDR-510,62324793
QUU-384,37110873
OWN-701,36380447
BTO-226,77484838
BRD-969,98140264
ZEX-027,29337157
DFJ-952,84165595
RDT-761,84165595
TMN-884,88956889
FEG-454,59162728
JDC-028,50365593
JCW-489,69324480
KWP-672,46462527
VDD-853,49087435
ZEX-027,79901434
ZVA-180,33713901
KQA-580,50375303
QUU-384,77642521
TKM-141,78922174
NMV-644,94080926
CIM-038,93845419
TYF-885,62566305
OQI-373,86402303
AHB-459,79901434
IDO-503,32565207
BCK-361,49087435
TYF-885,83505958
OPT-996,25171011
VVS-017,45877001
QUU-384,67418025
YOT-530,43053402
ISU-815,52097922
III-576,63437380
LWG-915,50365593
BWD-036,57263719
AFL-718,78922174
AWB-345,63437380
YYU-726,12663268
JJN-837,11602775
ZWF-661,17972674
EJW-346,83505958
BWD-036,79475585
UWA-476,17972674
XLF-273,89148118
UXG-019,32565207
NSM-283,79464412
VJI-529,95161027
TYF-885,79140840
YZD-580,37110873
XLF-273,11602775
TZY-323,15210391
LWG-915,27912250
TMN-884,91897732
QHC-492,98140264
UJV-290,83236386
OWN-701,52097922
WZD-331,40348917
BIT-434,71378466
AWT-354,71463316
III-576,95161027
KCO-488,71463316
KCO-488,24995742
JFC-432,20864087
YOT-530,31611146
JFC-432,85949265
DFJ-952,77642521
QHC-492,53166028
PFD-286,90237332
MQR-442,83505958
JYQ-045,15561764
AFL-718,50375303
AFL-718,77484838
BCK-361,97403853
XSD-310,12663268
TXM-139,19829266
KQA-580,63437380
RAH-420,12663268
PFD-286,89298238
NSM-283,42928709
PJG-338,45877001
OQI-373,42928709
ONB-903,32821689
FVQ-662,71378466
YYK-309,11602775
UDR-957,77484838
FYF-898,15561764
CIM-038,57690875
SPR-580,54716824
VVS-017,95161027
KWP-672,90365520
QHC-492,73185299
QFR-958,45783712
SJQ-827,49087435
DEV-433,54761731
MMA-577,43053402
ZXK-295,78757121
VXS-438,13245501
LWG-915,46462527
YUQ-590,88956889
AQS-362,55552996
RSE-049,76388967
III-576,60574154
UXG-019,55552996
VRR-793,87800799
EJW-346,78922174
BCK-361,80048864
AWB-345,25171011
FCN-617,22777006
AQS-362,42798099
QFP-254,90237332
DIQ-718,62566305
BIT-434,59407188
TMN-884,42798099
OXP-732,79901434
SNY-500,40348917
QUU-384,73185299
MTF-868,83236386
VXS-438,89429489
VTV-269,26976877
IHG-413,17913944
SNY-500,43877279
GXF-122,37110873
BCN-855,38913831
JXD-139,44229880
FVQ-662,32565207
DUG-251,32904023
QJO-060,45828535
YMU-875,24995742
VRR-793,81114108
TYF-885,26290971
ADX-669,96659352
CJE-310,98140264
AFL-718,26976877
EBI-299,71463316
AFL-718,89148118
OPT-996,83236386
PVZ-181,90237332
WZD-331,16151792
RDT-761,80048864
TXM-139,94080926
KSO-608,40112594
CIM-038,73535476
FLJ-040,40348917
HFM-021,88956889
AQS-362,41036366
TYF-885,43877279
OQI-373,42798099
QVJ-982,77191257
VRR-793,98589725
CIM-038,25171011
JDQ-505,20864087
III-576,42157219
JXD-139,79464412
QRC-609,25171011
QTK-083,89298238
BCN-855,81114108
QFP-254,89298238
DFF-034,66409237
GBD-525,52097922
JFC-432,89148118
FLJ-040,38637282
TMN-884,23928045
AWB-345,44679500
CNQ-172,16151792
UWA-476,37110873
JDQ-505,48467976
XSD-310,22280452
BCK-361,29847168
XSD-310,45828535
AVM-258,35584593
QHC-492,96258632
SJD-818,55552996
FQG-293,55552996
MYC-756,85871751
QFP-254,43043986
AVM-258,45828535
UWA-476,71463316
ARS-231,71378466
KQQ-136,79475585
AWT-354,66409237
WZD-331,69975105
XLF-273,42928709
UWA-476,88956889
MMA-577,32821689
TMJ-043,85949265
DFF-034,78078115
KJX-387,32904023
KBY-991,90365520
XZR-640,91897732
KQA-580,96659352
JXD-139,26976877
KCO-488,42157219
UOD-420,69324480
BRD-969,66409237
QFP-254,71463316
VRR-793,22280452
HLR-109,79140840
LDR-510,73535476
YYU-726,93160528
OWN-701,59407188
ZAF-449,26233063
ISU-815,46462527
WZD-331,87800799
OQI-373,90237332
BCN-855,71463316
QFP-254,42928709
UJV-290,89298238
UXG-019,66409237
SSE-115,89863424
VXS-438,69324480
MTF-868,79464412
OXP-732,23928045
OPJ-039,90365520
RDT-761,59407188
DIQ-718,43488351
YUQ-590,77484838
OTH-462,79140840
CSZ-863,95015539
GXF-122,78757121
EUZ-452,90365520
OPT-996,69639726
MYC-756,88956889
GBD-525,87800799
DON-719,24995742
VRR-793,43053402
EBI-299,96258632
UWA-476,88956889
BRD-969,93160528
HFC-845,13245501
UWA-476,26233063
QFP-254,32904023
FQG-293,78078115
AQS-362,16151792
QTK-083,43488351
YOT-530,89298238
QTK-083,93160528
JJN-837,11602775
GLC-370,79372768
SSD-176,43043986
GXF-122,62566305
MTF-868,32821689
QRC-609,35565959
PJG-338,49087435
OTH-462,57263719
YJD-279,62324793
LYZ-614,59407188
CNQ-172,76388967
ZWF-661,13245501
TMN-884,79140840
YJD-279,50375303
QIL-029,42928709
QTK-083,55552996
YGV-332,86828079
ARS-231,78757121
FCN-617,37110873
TMN-884,50365593
ICX-503,87800799
RBE-789,81114108
UDR-957,54716824
KJX-387,78757121
KSO-608,26233063
CIM-038,86241107
YOT-530,89298238
BWD-036,24995742
OTW-288,15210391
QUU-384,89429489
BMJ-772,40348917
GBJ-693,96659352
TZY-323,16151792
WLL-607,91897732
SSD-176,43877279
VDD-853,37110873
VXS-438,15210391
QFR-958,27912250
AQS-362,73786035
ZEX-027,54716824
JJN-837,71984468
XOA-735,78078115
DFJ-952,35565959
XBD-314,78922174
ZVA-180,50365593
BZS-261,35565959
KBY-991,58187172
UTN-601,52097922
XSD-310,87813843
TKM-141,23928045
HFM-021,15210391
MTF-868,88995291
OQI-373,86402303
FQG-293,62324793
BTO-226,87800799
DEN-125,17913944
UTN-601,17972674
SSE-115,79420973
OQI-373,71378466
HLR-109,88995291
OFS-384,83236386
XZR-640,49087435
TKM-141,32565207
DFF-034,81114108
DEN-125,73786035
SNY-500,44229880
CSZ-863,79901434
BWD-036,95751208
EVN-510,67418025
KCO-488,35584593
VCL-867,25171011
YUQ-590,20864087
OFS-384,81114108
TMJ-043,78078115
OFS-384,64394265
BRD-969,95751208
IDO-503,16151792
GKG-558,26290971
YUQ-590,85949265
TZY-323,45828535
YZD-580,38913831
CNN-411,42798099
SSE-115,26976877
VJI-529,33397650
TXM-139,43043986
EUZ-452,87800799
PPX-620,80048864
UCX-285,22280452
TZY-323,71984468
QRC-609,87800799
JFC-432,38913831
XLF-273,57690875
CIM-038,94080926
LWG-915,23928045
ICX-503,66409237
BXY-119,13245501
HFC-845,86241107
YOT-530,57263719
KQQ-136,26976877
RDT-761,19829266
FQG-293,69975105
PFD-286,76388967
DIQ-718,69324480
QIL-029,13245501
JXD-139,89298238
QFP-254,73185299
XBD-314,78922174
TMJ-043,11602775
BMJ-772,12663268
KDA-627,60574154
FLW-631,38913831
OTH-462,57263719
RBE-789,86402303
KQA-580,48184351
ZVA-180,54761731
VRR-793,85949265
DFJ-952,78078115
DON-719,15210391
UXG-019,86241107
YUQ-590,64394265
DOV-560,76388967
ZWF-661,77191257
HFM-021,29337157
AWB-345,93845419
HFM-021,86402303
BCK-361,40112594
FVB-607,54761731
LDR-510,87813843
HFC-845,36008913
QVJ-982,79372768
YEZ-591,63437380
UXG-019,19829266
YYK-309,64394265
KWP-672,42157219
KWP-672,77191257
HFM-021,84165595
OXP-732,91897732
FVB-607,89863424
GXF-122,79420973
VZV-827,54761731
WZD-331,29337157
BXY-119,31193794
PFD-286,91897732
QUU-384,43877279
UXG-019,89429489
EBI-299,89148118
ISU-815,32821689
VCL-867,89429489
TZY-323,26290971
JFC-432,26233063
SSD-176,55552996
XSD-310,52097922
HLR-109,36380447
XLF-273,22777006
LDR-510,85949265
YJD-279,17913944
UWA-476,33713901
SSD-176,78078115
DUG-251,93160528
SJQ-827,50375303
FVQ-662,31611146
VXS-438,50375303
KJX-387,73535476
FEG-454,86241107
VJI-529,69324480
VJI-529,35565959
RDT-761,42798099
BRD-969,73914283
OQI-373,87813843
TZY-323,77191257
AFL-718,49087435
VVS-017,33713901
DFJ-952,25171011
JXD-139,35565959
AVM-258,62566305
QIL-029,93845419
JCW-489,13245501
RBE-789,32904023
PJG-338,78078115
DUG-251,99842319
KQQ-136,96659352
SNY-500,45783712
CNQ-172,62566305
KJX-387,13245501
DUG-251,81114108
SAM-013,79372768
ZEX-027,77191257
OTW-288,64394265
TXM-139,48184351
XBD-314,62324793
YUQ-590,26976877
FQG-293,95161027
OFS-384,38637282
DON-719,69639726
TZY-323,50365593
YYU-726,77642521
SAM-013,32904023
FLJ-040,27912250
JFC-432,84165595
TKM-141,90237332
ONB-903,53166028
HFM-021,69975105
AVM-258,77191257
MMA-577,52097922
FVQ-662,43053402
ICX-503,89298238
GBJ-693,45877001
FEG-454,67418025
QFP-254,12663268
QVJ-982,41036366
OTH-462,89863424
EBI-299,40112594
QHC-492,84165595
YMU-875,45828535
KQQ-136,32904023
TMJ-043,69975105
QRC-609,89863424
ZAF-449,99842319
BXY-119,89429489
CRU-009,66409237
OQI-373,78922174
VZV-827,45783712
YMU-875,45783712
FVQ-662,40112594
HLR-109,44229880
YYU-726,67418025
VVS-017,50365593
CRU-009,54716824
NSR-955,93845419
YGV-332,77484838
VXS-438,58187172
XLF-273,17913944
ZWF-661,57263719
AQS-362,16151792
OQI-373,95161027
VDD-853,90365520
JXD-139,79140840
YJD-279,97403853
JDC-028,87800799
EUZ-452,79372768
OBI-353,73914283
VCL-867,81114108
TXM-139,53166028
RDT-761,45877001
XTE-383,57690875
SSD-176,45783712
GBJ-693,97403853
XSD-310,31611146
XSD-310,71378466
RAH-420,15561764
AVM-258,73185299
TZY-323,95161027
DOV-560,57263719
III-576,49087435
DFJ-952,40348917
QRC-609,79140840
VRR-793,40348917
LWG-915,27912250
GLC-370,42928709
SPR-580,20864087
BWD-036,77191257
XZG-521,52097922
OTS-581,54761731
AQS-362,15210391
OTW-288,94080926
TXM-139,79901434
BWD-036,80048864
XZG-521,26976877
SPR-580,94080926
OPJ-039,62324793
ZWF-661,32565207
KBY-991,45877001
