2,14268463,BHD6079
7,42302422,RWW7975
9,11750801,VDL9379
11,14268463,XBC5847
15,60740809,CTW5846
16,58717040,BZY0235
26,14268463,VMW6915
27,45181396,UCJ9882
28,65071478,MWB2923
30,47659552,QRH6838
31,60740809,DDU0764
32,49516360,NBL8415
34,45181396,SFZ1256
35,17750908,QBL9575
38,45834351,TVR7016
39,96056368,HHR5161
43,65071478,RWW7975
46,14268463,BZY0235
47,65830353,BDK4183
49,65830353,SMW0186
50,65830353,GDA4236
53,14500753,JLQ6546
56,46582367,IIM5175
57,14500753,LDL2628
61,48053960,VFZ9435
70,17750908,IUG2294
72,14268463,ETZ8565
73,48053960,YZV6954
75,14500753,ALH8812
76,65071478,QRH6838
77,45181396,KLO8691
78,45181396,XCC4070
80,37751890,FNM6936
87,47659552,QMI4747
88,14268463,IFL0150
91,65830353,TOJ1764
92,11750801,WYE2119
93,96056368,GOG7446
94,58717040,YZV6954
95,17750908,PQB0775
96,66747161,EEJ4830
97,17750908,CKC4095
100,11750801,GQC1814
101,14500753,BUC5125
103,42302422,WHU1288
105,42302422,QBL9575
107,65830353,EDQ0577
109,38724322,TMR5068
110,14500753,JLQ6546
111,45834351,VFZ9435
116,42302422,WPU8819
119,65830353,HPP3360
121,42302422,KTA8754
126,45834351,BZY0235
127,92240876,SMI7078
130,14268463,FYV9055
131,14268463,JLQ6546
134,37751890,FWP8469
135,47659552,VFI8064
137,92240876,VSG3432
138,92240876,RZX8790
139,42302422,JZQ8143
140,60740809,PPI9259
144,47659552,XIU6076
145,65830353,XIU2628
149,14268463,IFL0150
150,37751890,CRY6839
151,45002711,AKU9740
154,46582367,MBQ9495
155,14500753,ILA4795
158,42302422,TAB4639
159,15129661,FMX8255
160,45002711,DPZ8059
163,42302422,ZOY6470
165,92240876,DEK2757
166,49516360,VFZ9435
167,65071478,FYV9055
169,65830353,BZY0235
170,92240876,OCI8959
172,14268463,PQZ1316
174,58717040,RNG2321
175,46582367,EBT7258
177,15129661,RAO4129
181,17750908,XJT3661
183,42302422,YZV6954
184,37751890,WGA2754
186,45002711,KWL0415
188,17750908,XIU2628
190,96056368,JXK3142
192,38724322,CKC4095
195,14500753,OQK1590
197,38724322,HWM4049
201,48053960,SQB7146
202,47659552,IUI3314
204,65830353,VSG3432
205,17750908,DDQ0721
206,17750908,RYI5447
212,60740809,IFL0150
213,65071478,WOF6634
214,17750908,USE5598
221,38724322,HGN9910
222,11750801,KGO1734
224,42302422,CTW5846
227,61212473,JGG5049
228,63602514,QKH2262
231,65071478,WPU8819
235,20449598,NEW1762
236,47659552,OCI8959
238,37751890,VMW6915
241,20449598,WMN3648
243,17750908,ZYF6683
245,11750801,ZQY9966
251,14500753,PQZ1316
253,57431952,UCA0857
254,47659552,YJI3961
255,47659552,NFP3266
256,65830353,JSM8271
257,38724322,ZYF6683
259,37751890,BTX3816
260,37751890,HGQ0131
261,15129661,JSM8271
263,37751890,JBR9372
265,65830353,GWE4133
266,58717040,FBO8724
272,42302422,RZX8790
273,63602514,KPE7420
275,15129661,WOF6634
276,46582367,QYH7021
279,92240876,EWI3090
284,14268463,AGQ7769
285,92240876,QCA9584
286,65071478,IPE3429
287,47659552,NBL8415
288,37751890,HPM0950
291,14268463,VFI8064
292,92240876,KWL0415
293,14268463,EHX6253
294,63602514,DVR5984
295,37751890,CKC4095
297,47659552,NGQ6935
301,47659552,KVL6246
302,38724322,RSK1164
303,14268463,JNC0786
307,57431952,VSG3432
308,60740809,VSG3432
309,11750801,VOI0019
310,37751890,QVX9089
311,45181396,BZY0235
312,37751890,WPU8819
321,47659552,HPP3360
323,38724322,WCZ0845
324,15129661,QCA9584
327,60740809,XTM9385
328,37751890,HPM0950
330,42302422,QKH2262
332,20449598,MLC7198
