6/04/2024,864-13-9865,S Valadez,03:54:00,36.8,121,99,05:33:10,Ginecologia
25/06/2024,285-69-9065,B Duinkerk,21:11:00,39.4,154,66,21:21:42,Traumatologia
15/08/2023,196-80-7773,G Whimper,06:55:00,39.3,177,69,09:06:23,Dermatologia
11/10/2023,420-73-7015,T Stenner,08:23:00,38.8,156,94,08:48:34,Oncologia
14/06/2024,824-26-7312,N Siuda,09:46:00,37.7,158,94,12:01:03,Oftalmologia
28/05/2024,799-77-3442,H Hamlyn,03:22:00,37.6,116,82,06:14:23,Oftalmologia
22/06/2024,183-04-5484,D Ancell,16:24:00,38.8,172,99,16:28:34,Oftalmologia
29/07/2024,452-90-0527,X Stronack,01:57:00,39.7,97,79,02:11:54,Pediatria
18/03/2024,106-91-2707,D Hark,13:46:00,37.1,133,68,16:08:41,Oncologia
13/05/2024,386-86-0028,L Rebeiro,05:15:00,35.7,129,84,07:45:09,Traumatologia
2/11/2023,744-88-0950,W Grove,02:37:00,36.2,172,84,04:53:08,Dermatologia
27/05/2024,201-17-2250,H Llewelyn,08:18:00,37.8,104,103,10:43:26,Ginecologia
6/09/2023,421-46-0418,I Lawleff,01:33:00,36.2,97,67,02:27:34,Urologia
23/03/2024,659-65-1419,G Winkle,05:46:00,35.5,165,73,06:57:55,Oncologia
1/10/2023,240-32-0217,D Jayes,18:53:00,36.3,122,95,19:34:11,Geriatria
17/10/2023,111-90-3138,P Claige,21:29:00,37.8,163,98,23:20:37,Traumatologia
12/03/2024,166-10-4126,M Nockalls,10:41:00,36.4,120,76,11:09:29,Endocrinologia
29/07/2024,467-76-2120,J Flarity,12:09:00,38.9,140,93,13:41:17,Pediatria
28/06/2024,550-40-6794,Q Ludye,20:30:00,36.9,171,60,20:49:44,Traumatologia
21/10/2023,592-21-1803,Y Saladine,01:01:00,38.5,143,63,02:42:39,Pediatria
29/05/2024,511-67-6488,X Coyish,07:02:00,39.3,139,93,07:17:07,Pediatria
15/04/2024,744-31-9326,E Pettyfer,14:12:00,39.6,96,109,16:17:46,Geriatria
12/09/2024,723-91-6052,V Alday,08:50:00,36.8,174,106,10:11:57,Urologia
6/08/2023,847-95-6147,F Kilgallen,07:42:00,38.6,134,103,09:06:38,Urologia
30/09/2023,381-07-9458,P Lepope,09:31:00,37.8,162,102,10:18:33,Traumatologia
16/04/2024,197-06-5889,O Stillert,17:58:00,38.3,138,81,19:18:40,Neumologia
16/05/2024,393-52-8450,I Lauritsen,14:16:00,38.2,103,103,16:47:05,Dermatologia
19/10/2023,425-47-5893,O Scotson,15:22:00,39.5,93,71,17:13:24,Oncologia
17/10/2023,551-77-8367,O Dorkin,10:28:00,37.2,112,83,11:21:44,Cardiologia
29/07/2024,793-24-9525,H Flint,10:55:00,38,178,77,11:32:14,Gastroenterologia
6/06/2024,293-87-7863,Q Mulliss,05:43:00,36.2,96,105,06:27:06,Traumatologia
16/04/2024,804-28-9814,I Reace,21:16:00,38.8,140,84,23:46:17,Traumatologia
2/04/2024,697-02-7197,H Tregien,01:30:00,39.3,169,66,01:59:28,Ginecologia
8/06/2024,463-65-5530,N Landsborough,21:05:00,36.6,152,98,23:53:31,Ginecologia
26/06/2024,736-84-8737,D Spraging,00:19:00,36.6,169,90,00:43:11,Urologia
28/07/2023,488-25-0630,C O'Hickey,18:20:00,38.1,124,62,19:41:55,Ginecologia
29/07/2023,361-20-0157,O Hrinishin,03:22:00,38.7,119,69,06:06:52,Geriatria
12/06/2024,514-44-5278,V Dominelli,07:52:00,36.3,92,64,09:28:14,Cardiologia
7/06/2023,595-33-7472,V Vaughn,03:24:00,40,132,94,03:32:22,Oftalmologia
25/07/2024,577-71-3589,X Nutbeem,04:07:00,37.5,127,66,04:41:55,Oncologia
13/06/2024,362-55-7521,F Jenoure,18:16:00,36.3,136,100,21:10:45,Gastroenterologia
13/06/2024,693-24-9026,Q Sayers,18:18:00,37.4,158,106,20:34:37,Dermatologia
15/05/2024,451-55-0085,U Izard,02:55:00,38.3,143,82,03:30:43,Neumologia
27/04/2024,669-90-6148,F Bratchell,11:49:00,39.4,162,74,14:20:43,Pediatria
12/09/2024,871-63-8322,C Lawlie,21:12:00,37.3,139,91,23:28:41,Urologia
14/09/2023,617-41-0266,S Dabourne,10:42:00,36.2,104,92,12:19:56,Traumatologia
24/05/2024,677-14-1863,B Carvilla,09:35:00,37.7,132,70,11:01:23,Ginecologia
8/04/2024,310-56-4783,R Kase,17:04:00,35.7,150,107,17:44:27,Ginecologia
27/09/2023,899-68-9474,D Hucklesby,14:27:00,35.8,113,92,16:47:53,Oftalmologia
23/09/2023,310-24-6292,L Gatheridge,11:44:00,36.4,115,62,13:30:31,Pediatria
31/03/2024,249-43-7801,T Harverson,17:04:00,36.2,170,101,19:28:39,Oncologia
27/06/2024,823-21-4024,O Lukasen,19:41:00,35.6,143,65,22:22:09,Urologia
4/08/2023,358-68-5495,E Mildmott,22:18:00,35.8,105,62,22:26:05,Traumatologia
9/10/2023,728-85-5305,I Biagini,17:26:00,36.2,172,102,17:54:55,Gastroenterologia
29/10/2023,724-10-8138,N Waple,04:25:00,35.7,156,62,07:14:09,Oncologia
19/10/2023,376-97-1223,W Greenier,22:52:00,38.5,133,78,23:45:06,Oftalmologia
29/06/2024,466-80-6058,O Crimes,19:42:00,37.1,177,67,21:29:49,Oncologia
22/08/2023,607-91-4614,Z Florez,01:15:00,37.1,177,78,03:37:15,Dermatologia
15/03/2024,337-32-9874,C Caccavella,17:55:00,38,164,105,18:29:10,Urologia
11/04/2023,204-94-7733,V Newband,22:55:00,37.9,90,85,23:11:31,Ginecologia
4/06/2024,435-83-6917,S Nemchinov,10:08:00,35.6,172,84,12:22:59,Oftalmologia
6/04/2024,389-69-8333,O Barthrop,09:56:00,38.8,134,81,11:34:36,Ginecologia
2/06/2024,310-75-2760,B Mayhow,05:52:00,37.9,165,102,07:48:50,Cardiologia
1/04/2024,325-65-7104,D Golding,21:53:00,39.1,177,71,22:27:32,Traumatologia
31/05/2024,800-88-0642,Y Sorel,04:27:00,37.2,179,98,05:13:45,Urologia
8/05/2024,829-82-4394,C MacGowing,13:26:00,37.5,101,96,13:37:26,Pediatria
28/06/2024,522-78-1715,L Philipart,22:03:00,37.2,170,75,23:49:58,Geriatria
26/05/2023,546-70-9687,L Westnedge,09:27:00,35.8,148,70,11:30:58,Geriatria
8/06/2023,509-82-3979,J Gamlen,00:40:00,37.2,136,96,02:27:47,Oncologia
7/06/2024,433-30-7441,E Binham,10:43:00,37.1,122,104,11:20:51,Pediatria
27/09/2023,421-31-7038,H Jurczak,18:30:00,36,176,97,21:03:57,Traumatologia
2/11/2023,545-10-8265,D Flag,10:13:00,35.9,164,85,12:45:31,Oncologia
28/07/2024,447-04-3850,F Lukianov,02:11:00,36.9,108,63,04:07:41,Dermatologia
27/10/2023,265-25-7984,C Nell,04:13:00,36,130,72,05:10:04,Geriatria
16/05/2024,615-52-5411,W Casbolt,00:44:00,39.2,122,82,03:42:31,Cardiologia
4/06/2024,246-69-5313,O Pharaoh,03:02:00,37.1,90,86,03:58:49,Endocrinologia
21/09/2023,351-50-7892,N Eastam,19:46:00,39.1,119,72,20:43:58,Urologia
30/05/2024,787-59-4271,N McCole,15:14:00,37,90,91,15:57:01,Endocrinologia
23/10/2023,879-93-8813,B Waddell,19:15:00,36.3,104,63,19:46:54,Ginecologia
30/09/2023,425-64-6539,T Evason,09:33:00,39.9,166,75,10:19:06,Ginecologia
1/06/2023,312-76-3868,Z O'Doherty,18:31:00,38.6,136,82,20:23:23,Dermatologia
27/05/2024,623-61-9841,X Lewsy,09:12:00,39.7,172,70,11:13:46,Neumologia
1/11/2023,337-67-0209,Z Fraczak,20:08:00,36.1,121,97,23:00:16,Cardiologia
8/10/2023,591-36-6992,C Beauchop,12:29:00,38.8,95,84,13:27:18,Geriatria
27/05/2024,535-11-6082,X Grout,07:49:00,35.8,170,86,09:47:21,Oncologia
11/04/2023,142-10-3821,U Oxenham,21:35:00,35.6,107,85,23:59:31,Dermatologia
15/04/2023,749-39-3053,Y Minchella,03:22:00,38.4,99,78,05:59:32,Neumologia
3/06/2023,213-83-0677,O Rundall,00:07:00,38.7,146,84,01:31:24,Neumologia
25/10/2023,613-08-2623,U Portis,12:20:00,37.3,136,84,14:14:36,Urologia
24/05/2023,776-96-5871,C Giffen,01:50:00,37.4,115,105,02:44:11,Gastroenterologia
16/05/2024,193-77-7514,I Trigwell,11:02:00,36.3,158,75,11:29:54,Dermatologia
1/11/2023,362-55-6622,G Sousa,16:06:00,38.4,133,71,17:57:21,Endocrinologia
24/09/2024,873-06-2405,X Dohms,04:41:00,39.4,138,67,04:52:50,Oncologia
13/03/2024,620-22-0920,T Hursey,06:28:00,35.9,143,70,08:02:44,Dermatologia
30/05/2024,403-08-7603,J Horley,07:53:00,36.2,141,91,09:37:16,Oncologia
9/05/2024,255-46-2640,K Kinglesyd,01:51:00,38.6,154,75,02:58:33,Endocrinologia
5/04/2023,777-08-7046,J Follan,04:31:00,39,96,61,07:22:30,Ginecologia
11/05/2024,858-24-9963,K Golds,09:11:00,38,137,70,12:00:54,Endocrinologia
2/04/2024,211-84-0802,C Baldcock,21:10:00,38.1,130,91,23:37:25,Urologia
26/09/2023,779-16-6027,C Fardo,07:23:00,37.4,127,86,10:16:34,Cardiologia
27/05/2024,407-66-8499,W Bester,11:27:00,39.2,110,81,13:14:07,Neumologia
11/05/2024,345-35-5116,Y Jahnisch,23:05:00,37.6,130,78,23:49:17,Gastroenterologia
17/05/2024,419-40-1713,P Standring,15:12:00,36.7,113,100,17:37:50,Oftalmologia
23/04/2024,580-28-6655,E Christer,04:01:00,37.9,158,103,04:52:49,Endocrinologia
23/03/2024,744-36-1390,F Lambarton,07:44:00,39.3,94,83,08:51:54,Traumatologia
11/05/2024,400-48-7366,H Mattioli,03:33:00,38.3,166,63,06:03:54,Ginecologia
7/11/2023,620-35-3794,M Kubelka,00:21:00,38.8,113,107,02:16:16,Urologia
14/10/2023,242-79-8906,J Gavozzi,17:31:00,36,167,94,19:53:05,Urologia
27/09/2023,121-69-0476,N Thompkins,10:49:00,39.9,92,96,11:23:32,Cardiologia
25/07/2024,358-64-0690,C Jerrim,17:31:00,37.9,179,103,19:26:25,Gastroenterologia
23/09/2023,821-52-5812,X Lewsy,05:30:00,39.3,149,63,06:35:27,Pediatria
14/06/2024,528-14-7644,Z Huntingdon,04:56:00,38.1,132,65,05:09:08,Neumologia
4/05/2024,153-51-8349,X Mancktelow,22:08:00,35.8,99,77,23:26:08,Pediatria
6/05/2024,593-38-9878,H Atheis,18:42:00,39.2,100,60,21:06:11,Ginecologia
24/10/2023,752-74-9026,J Madgett,15:50:00,37.5,132,82,15:57:31,Oftalmologia
1/11/2023,559-99-9805,C O'Hoolahan,01:15:00,39.5,140,76,01:35:21,Cardiologia
10/09/2023,637-94-0312,Y Pratten,07:44:00,37.3,129,75,07:54:07,Oncologia
30/09/2023,334-77-7420,G Hill,03:01:00,38.4,159,85,03:07:30,Dermatologia
24/10/2023,311-92-5519,O Overell,08:48:00,37.7,115,62,10:42:37,Ginecologia
8/04/2024,617-59-2394,L Pautard,22:35:00,37.1,103,91,23:12:18,Gastroenterologia
24/05/2024,575-53-0156,W Stores,04:16:00,38.3,159,98,06:08:29,Geriatria
17/10/2023,112-04-3574,X Whyley,10:23:00,37.3,133,81,12:07:08,Ginecologia
23/09/2024,108-82-5384,H Rodie,18:25:00,36.3,132,86,21:13:31,Oncologia
27/07/2024,494-08-6177,H Mayhou,08:25:00,38.3,168,93,11:08:07,Neumologia
30/09/2023,618-23-9015,N Killick,17:13:00,36.2,92,104,17:30:10,Cardiologia
31/10/2023,201-80-9036,D Inchan,20:27:00,38,157,104,23:17:37,Traumatologia
31/10/2023,822-56-9864,Y Doche,19:49:00,38.1,117,60,21:11:38,Neumologia
24/05/2024,407-61-5335,W Coolson,01:12:00,36.8,178,90,01:39:52,Traumatologia
27/08/2023,188-78-3724,T Grason,21:19:00,36.5,91,68,21:39:13,Urologia
16/05/2024,700-71-2541,C Dagon,03:07:00,39.4,173,100,05:13:37,Cardiologia
1/04/2023,570-93-0122,X Olech,22:29:00,37.2,90,84,23:33:44,Ginecologia
26/06/2024,202-95-1671,F Beneix,20:29:00,36.8,104,90,22:50:43,Pediatria
11/10/2023,535-70-6724,Y Everett,10:49:00,39.4,142,81,12:14:17,Neumologia
5/10/2023,304-98-5113,H Magwood,16:34:00,37.6,169,90,17:14:27,Geriatria
16/04/2024,490-10-7609,Z Chaston,14:07:00,38.5,96,65,16:41:07,Oncologia
5/05/2024,687-36-3981,V Biesty,22:39:00,39.1,162,83,23:56:15,Pediatria
15/05/2024,674-28-0052,U Mackriell,21:27:00,38.8,94,102,23:23:19,Dermatologia
26/05/2023,206-49-3654,Z Ingarfill,01:34:00,35.6,130,62,01:50:11,Neumologia
3/09/2023,842-53-5003,E Ricketts,13:49:00,38.6,165,61,15:48:24,Ginecologia
1/10/2023,364-28-5162,I De Ambrosis,15:20:00,37.4,102,84,16:07:41,Ginecologia
2/06/2023,413-75-7208,N Dumelow,20:09:00,38.5,153,104,22:52:28,Oncologia
16/05/2024,569-24-2406,Y Whether,19:09:00,36,129,72,19:30:58,Traumatologia
20/09/2024,317-19-5775,C Fossett,06:12:00,37.8,141,78,08:48:42,Endocrinologia
26/07/2024,627-43-1873,Z Mateev,17:25:00,39.6,179,76,18:39:23,Endocrinologia
20/05/2024,309-83-7417,U Holby,08:38:00,36.1,148,75,10:36:39,Neumologia
23/09/2024,426-61-6009,N MacAiline,00:55:00,37.2,177,71,03:18:31,Pediatria
26/09/2023,772-30-5939,Q Cluderay,07:46:00,38.9,160,107,08:24:45,Cardiologia
13/10/2023,263-26-6831,H Thurlborn,15:05:00,37.5,166,86,15:30:09,Urologia
18/05/2024,192-05-5593,Q Borges,12:58:00,38.4,102,78,15:33:43,Traumatologia
2/08/2023,358-62-9394,I Philippard,20:33:00,38.4,122,108,22:43:11,Pediatria
28/07/2024,476-12-0189,C Creffeild,01:02:00,36.2,141,89,02:19:18,Endocrinologia
27/09/2023,685-55-6240,N Mackney,01:25:00,37.6,107,60,01:37:15,Ginecologia
25/06/2024,377-36-2473,T Gilhooly,06:17:00,38.6,115,109,07:06:59,Urologia
13/06/2024,457-33-9645,K Paliser,09:06:00,39,106,104,11:50:26,Traumatologia
31/10/2023,596-30-2000,H Hoyte,11:04:00,37.7,150,105,13:19:21,Oncologia
29/03/2024,661-42-7515,X Brayson,01:55:00,39.6,129,76,04:52:31,Ginecologia
25/08/2023,693-68-8151,Y Tuffley,07:50:00,37.2,176,73,10:18:22,Oncologia
21/08/2023,113-42-6171,Q Karadzas,03:43:00,38.8,133,109,04:41:14,Oftalmologia
26/08/2023,355-48-7016,S Chue,01:41:00,36.3,156,100,02:02:56,Gastroenterologia
11/10/2023,639-02-4514,R Jobbins,02:51:00,36.9,91,99,05:37:36,Oftalmologia
27/04/2024,520-90-6075,U Cobbin,04:51:00,35.6,90,96,05:26:05,Urologia
3/07/2024,401-73-9481,P Ivanilov,19:55:00,38.2,163,93,22:33:39,Oftalmologia
8/06/2023,549-79-0918,V Vevers,15:54:00,36,112,105,17:58:23,Traumatologia
27/06/2024,391-91-5708,X Rumble,22:55:00,36.8,157,83,23:58:51,Oncologia
13/10/2023,188-56-6640,H Kohn,02:15:00,37.6,142,95,03:22:03,Neumologia
18/09/2023,459-55-5731,S Jeandot,00:31:00,38.5,160,78,00:55:16,Neumologia
29/07/2024,325-53-6475,Z Denslow,12:11:00,35.9,105,92,14:58:35,Neumologia
9/11/2023,840-53-2866,K Jarrelt,17:28:00,38.4,105,71,19:17:01,Urologia
10/06/2024,273-26-8525,Q Laister,18:32:00,39.8,132,69,20:38:18,Neumologia
24/09/2023,137-38-5385,H Vedstra,00:28:00,36.5,117,81,03:08:14,Cardiologia
31/10/2023,440-67-5765,A Pycock,09:06:00,38.8,90,109,11:54:25,Neumologia
9/10/2023,418-61-6957,U Markussen,21:22:00,39.3,129,70,23:05:08,Endocrinologia
7/11/2023,128-74-1315,D Ewestace,17:53:00,37.7,91,94,18:16:30,Cardiologia
30/05/2024,176-25-3650,J Dundridge,11:54:00,37.2,117,62,13:38:36,Traumatologia
1/07/2024,531-97-4128,H Bullier,00:36:00,36.8,166,61,01:47:34,Endocrinologia
30/05/2023,628-24-0324,Z Codner,16:27:00,38.6,130,90,16:44:21,Oftalmologia
18/09/2023,393-40-5807,R Vossing,16:08:00,37.1,145,85,16:41:39,Cardiologia
15/03/2024,518-17-5917,Y Leathes,14:48:00,35.6,123,72,15:32:15,Geriatria
8/08/2023,791-80-0710,P Ailward,22:39:00,36.8,174,68,23:36:39,Geriatria
24/10/2023,894-88-8079,N Handaside,10:13:00,36.9,162,85,12:50:05,Dermatologia
7/11/2023,707-84-6922,R Wedon,09:07:00,39,91,90,11:55:08,Dermatologia
23/05/2024,117-06-6307,O Abrehart,16:26:00,36,146,69,18:24:21,Endocrinologia
9/11/2023,134-23-9854,A Cabrara,14:46:00,39.5,111,82,15:16:51,Neumologia
29/03/2024,440-84-8198,Y Mineghelli,19:42:00,38.2,117,90,20:30:29,Oftalmologia
1/07/2024,584-75-1706,U Zohrer,01:31:00,36.7,153,92,04:29:02,Urologia
13/04/2023,241-68-6242,J Spargo,05:35:00,37.4,170,86,08:20:23,Oftalmologia
8/09/2023,316-24-5823,U Cassie,03:29:00,35.9,138,108,04:49:05,Cardiologia
19/10/2023,330-88-2389,W Rosenfrucht,07:33:00,37.5,134,72,08:29:01,Oncologia
5/04/2023,792-70-4015,M Robinett,18:06:00,39.3,112,65,21:01:39,Traumatologia
4/04/2024,141-86-2089,L Dilgarno,08:32:00,38.6,98,102,10:07:36,Endocrinologia
23/05/2024,458-41-3724,L Grim,23:10:00,35.8,101,109,23:57:32,Pediatria
14/08/2023,370-99-9209,G Tuckey,21:27:00,38.5,113,84,23:00:57,Oftalmologia
17/09/2023,804-99-9395,R Cragg,21:28:00,38.6,121,103,22:21:30,Traumatologia
25/04/2024,614-70-3664,T Mcasparan,00:02:00,35.6,151,98,02:20:15,Traumatologia
19/06/2024,730-17-0598,E Janas,11:20:00,36.3,105,92,14:12:21,Urologia
29/04/2024,161-72-0475,V Schuster,20:25:00,38.8,97,84,21:35:44,Ginecologia
27/04/2024,861-89-2613,M Petyankin,01:47:00,36.5,160,93,03:21:04,Dermatologia
6/04/2024,286-31-5737,J Louder,10:22:00,38.1,136,71,10:25:09,Ginecologia
18/03/2024,411-92-7835,W McDugal,20:03:00,37,117,85,21:37:43,Traumatologia
19/10/2023,444-43-8680,L Grandin,21:10:00,39.7,135,108,23:45:37,Geriatria
29/04/2024,505-85-5884,S Link,08:20:00,37.6,161,107,09:14:31,Oncologia
14/10/2023,160-60-1177,E Baiss,00:50:00,39.2,150,95,01:30:17,Endocrinologia
31/05/2023,835-43-3416,G MacClancey,17:24:00,37.8,96,77,18:14:42,Oftalmologia
13/10/2023,648-84-0803,E Haxbie,04:23:00,38.6,174,91,04:53:42,Cardiologia
8/06/2024,428-71-5074,P Myrkus,05:38:00,39.2,108,86,07:26:47,Traumatologia
4/04/2024,676-37-4447,R Jiras,20:09:00,38.1,100,91,21:45:28,Urologia
16/05/2024,335-79-7657,E Kleinber,02:05:00,37.4,104,60,02:21:45,Pediatria
11/09/2024,879-96-5283,K Gorvette,13:26:00,39.5,173,100,16:02:19,Cardiologia
10/06/2024,120-71-9392,K Haet,09:44:00,37.6,130,72,12:14:19,Pediatria
31/05/2024,574-16-1174,O Cutchie,07:16:00,39.2,175,78,08:47:09,Urologia
10/10/2023,536-53-9660,Y Beaushaw,12:47:00,37.8,102,92,13:34:56,Endocrinologia
5/09/2023,630-47-2713,P Torbard,14:48:00,37.9,176,109,16:50:31,Gastroenterologia
1/10/2023,565-06-0269,S Thornewell,06:01:00,39.8,113,69,08:12:43,Cardiologia
14/09/2023,347-03-3021,I Featherby,18:36:00,36.9,91,73,19:09:59,Endocrinologia
1/07/2024,447-24-8349,W De Vuyst,11:50:00,36.8,150,106,13:07:54,Traumatologia
27/08/2023,345-22-7048,Z Hilliam,00:53:00,36.4,177,69,02:39:43,Gastroenterologia
17/05/2024,490-35-6077,E Amer,01:22:00,39.5,152,60,01:53:46,Dermatologia
21/06/2024,563-07-4845,S MacFaul,05:18:00,37.1,98,107,06:15:50,Endocrinologia
9/11/2023,663-52-0761,Y Videan,12:52:00,39.6,166,97,15:25:23,Endocrinologia
23/04/2024,355-52-8969,S Jaquest,16:30:00,38.4,161,107,16:31:20,Neumologia
2/11/2023,677-85-0125,R Bettis,00:26:00,36,92,96,00:55:27,Urologia
1/04/2024,210-44-1324,A Oates,13:59:00,35.7,146,73,16:51:16,Cardiologia
9/04/2023,207-23-0750,B Grevile,08:04:00,36.1,126,76,08:47:57,Neumologia
8/08/2023,575-13-4379,V Neaves,00:32:00,38.9,163,109,03:00:59,Ginecologia
26/09/2023,573-53-7688,X Nolton,07:45:00,38,125,87,09:05:05,Gastroenterologia
20/05/2024,499-41-9545,F Eady,11:19:00,39.9,113,108,12:40:37,Neumologia
19/06/2024,753-69-8444,G Swatman,04:22:00,37.8,162,90,05:12:55,Geriatria
15/08/2023,325-70-7368,I Bucknill,01:46:00,37.4,136,86,04:10:02,Oftalmologia
5/04/2024,117-58-1255,S Jossel,12:06:00,37,178,89,12:21:41,Traumatologia
25/08/2023,728-28-6087,I MacCafferky,00:31:00,35.8,133,65,00:54:53,Gastroenterologia
30/09/2023,505-40-5045,L Yerrington,12:53:00,37.8,111,97,15:05:28,Oncologia
11/03/2024,472-41-8672,T McGrah,14:28:00,36.3,96,89,16:57:42,Oncologia
6/05/2024,546-46-2582,U Makiver,21:46:00,36.9,99,101,23:56:45,Geriatria
20/05/2024,729-89-2202,K Ensten,03:20:00,37.3,103,93,04:38:25,Pediatria
24/08/2023,873-06-4261,B Handman,21:16:00,35.7,126,88,22:06:18,Urologia
3/06/2023,397-44-2425,O Tincombe,01:27:00,35.8,99,67,04:21:02,Traumatologia
17/08/2023,497-90-2670,O Wrightem,04:27:00,35.7,94,106,07:21:08,Oncologia
16/04/2024,469-64-8137,Q Eouzan,07:40:00,36.5,156,96,08:53:30,Oftalmologia
16/04/2024,441-49-3611,X Brymner,12:36:00,37.8,132,75,15:12:02,Oftalmologia
20/05/2024,585-31-9711,H Dagger,21:42:00,37.3,114,74,23:28:30,Gastroenterologia
11/03/2024,613-68-5042,B Millmoe,14:37:00,39.5,95,105,16:46:23,Oftalmologia
4/04/2024,273-38-6262,U Heyburn,13:03:00,39.9,124,98,15:53:30,Endocrinologia
28/06/2024,282-10-7870,K Crosham,00:31:00,36.2,137,104,01:22:26,Dermatologia
17/10/2023,265-41-2620,O Ruprechter,18:02:00,36.5,146,85,18:22:57,Neumologia
6/10/2023,723-46-9161,L Adess,08:58:00,38.5,127,79,10:48:06,Ginecologia
4/08/2023,722-95-5362,Q Ghirardi,01:09:00,37.3,156,83,02:54:02,Traumatologia
31/05/2024,615-91-1397,U Jablonski,14:55:00,38.7,109,79,16:47:55,Urologia
24/10/2023,472-57-6924,N Weine,20:32:00,39,176,68,22:35:22,Neumologia
17/10/2023,241-21-0506,M Lorie,02:00:00,35.8,100,68,04:05:54,Cardiologia
23/06/2024,832-25-9816,C MacSherry,12:28:00,38,111,84,14:10:52,Urologia
29/09/2023,867-06-8022,W Tours,13:22:00,39.9,111,68,14:21:14,Neumologia
23/04/2024,593-97-3404,Z Berndsen,09:01:00,38,91,86,10:00:21,Urologia
6/06/2023,257-20-4587,P Theobald,01:01:00,38.2,111,67,02:27:39,Oncologia
14/10/2023,723-69-3853,L Dungate,09:32:00,39,114,62,10:14:34,Endocrinologia
14/08/2023,179-82-2740,C Mollin,21:18:00,37,171,105,21:47:51,Oncologia
24/09/2023,566-23-2795,T Herkess,10:28:00,39.6,147,79,11:41:41,Cardiologia
13/04/2024,649-96-4440,D Dagnan,07:45:00,37.5,140,82,08:02:41,Ginecologia
9/04/2024,792-91-1843,Y Etteridge,12:03:00,39.5,142,94,14:13:49,Geriatria
8/04/2024,222-02-0601,C Colquit,15:35:00,37.1,141,76,15:48:32,Dermatologia
25/10/2023,650-34-0647,X Withers,04:44:00,38.8,115,93,07:27:08,Pediatria
7/05/2024,824-52-5925,D Sinnatt,05:30:00,39.6,137,76,07:25:40,Cardiologia
25/10/2023,459-67-0029,F Bird,11:07:00,38.2,151,80,12:56:46,Cardiologia
19/06/2024,502-37-4117,Z Linsey,01:03:00,39,102,70,03:38:17,Traumatologia
25/04/2024,154-03-1861,Q Martt,21:57:00,38.3,151,60,23:08:41,Traumatologia
6/06/2023,269-99-7693,S MacKenzie,22:17:00,36.6,134,91,23:33:21,Endocrinologia
18/03/2024,110-62-8138,R Brereton,07:20:00,38.9,113,92,09:19:30,Gastroenterologia
30/05/2023,177-26-6957,G Hanfrey,20:56:00,38.5,164,85,23:44:08,Traumatologia
21/04/2024,641-28-8440,M Saunter,20:54:00,38.9,131,84,23:47:44,Dermatologia
12/09/2023,271-63-4659,G Wilshere,16:47:00,37.6,154,76,17:02:35,Dermatologia
3/11/2023,339-36-5145,F Tregear,02:15:00,38.3,179,94,02:32:21,Dermatologia
9/11/2023,695-48-3258,N Jantot,03:59:00,39.7,117,66,04:55:39,Urologia
1/10/2023,802-43-8558,O Pusey,08:27:00,36.6,142,80,09:17:07,Pediatria
16/09/2024,537-10-1540,B Illesley,20:58:00,38.7,176,65,23:37:09,Neumologia
29/09/2023,136-93-5822,A Gerbl,15:50:00,35.8,126,82,16:59:38,Neumologia
29/03/2024,717-27-3125,R Gertz,12:55:00,40,142,60,13:30:42,Oftalmologia
24/09/2023,624-61-4137,X Arderne,19:27:00,36.9,171,81,20:23:54,Traumatologia
27/06/2024,382-92-2448,Q Mance,19:11:00,37.3,96,95,21:40:11,Endocrinologia
14/06/2024,181-84-9858,T Lindenberg,11:28:00,35.8,104,80,12:57:06,Oftalmologia
8/09/2023,430-47-4070,L MacDwyer,10:41:00,37,121,73,11:08:46,Oncologia
16/09/2024,721-46-0379,N Roots,01:53:00,40,95,98,04:04:57,Cardiologia
4/06/2024,498-09-2825,I Watmore,21:48:00,39.3,145,68,23:38:08,Urologia
14/05/2024,202-59-1460,O Eastlake,11:13:00,39.3,147,66,11:14:06,Gastroenterologia
14/05/2024,674-47-7074,D Jirzik,14:16:00,37.3,144,74,17:00:23,Geriatria
23/04/2024,818-18-4773,G Faucett,10:00:00,38.8,153,108,11:34:20,Pediatria
9/11/2023,717-44-1754,P McIlvenna,05:46:00,39,97,103,07:22:33,Dermatologia
24/09/2023,244-58-4316,C Hagston,20:24:00,38.2,105,60,22:17:03,Cardiologia
1/07/2024,453-29-3036,N Tebbe,15:42:00,38.9,176,100,16:01:43,Endocrinologia
7/10/2023,475-56-5117,A Zelner,20:48:00,37.4,166,74,22:40:01,Pediatria
8/08/2023,879-31-2414,Y Creaser,22:40:00,38.1,144,69,23:11:07,Endocrinologia
11/06/2024,604-72-2115,M Kinghorn,21:11:00,38.7,173,61,21:37:27,Pediatria
19/09/2024,274-79-2232,J Murty,18:34:00,36.3,102,95,21:32:58,Traumatologia
5/10/2023,539-64-9567,S Zimmer,09:27:00,38.3,160,89,09:31:56,Cardiologia
8/10/2023,101-56-3319,M Kilduff,18:21:00,37.2,105,72,18:58:18,Endocrinologia
26/07/2024,577-92-8928,B Lamers,11:19:00,37.5,125,82,12:13:59,Oncologia
24/07/2024,165-19-8083,M Ancliffe,01:20:00,36.6,117,102,02:46:08,Pediatria
13/04/2024,545-72-4306,M Skaid,08:13:00,39,130,91,10:48:47,Endocrinologia
28/05/2024,695-28-2556,W Puttick,19:25:00,39.5,157,83,20:50:49,Dermatologia
29/09/2023,718-76-3741,O Balas,20:29:00,39.8,156,101,22:05:34,Traumatologia
8/06/2024,722-55-2589,C De Mico,03:17:00,37.4,125,107,05:29:28,Ginecologia
29/05/2024,651-58-3998,S Methuen,16:52:00,39.9,131,83,19:43:13,Oftalmologia
2/11/2023,609-61-5196,M Knowlson,14:42:00,39.3,93,107,15:26:01,Gastroenterologia
6/05/2024,249-59-1568,N Conyer,08:13:00,39,129,76,10:03:56,Cardiologia
29/10/2023,398-42-8539,Z Blacktin,02:46:00,35.7,131,107,03:56:34,Neumologia
24/08/2023,404-55-4051,K Tolwood,07:23:00,38.7,130,61,09:46:18,Urologia
23/05/2024,340-40-0901,P Adamik,17:24:00,38,167,77,20:04:36,Pediatria
13/04/2024,347-72-5118,N Fraczkiewicz,08:30:00,39,172,106,09:08:28,Endocrinologia
13/09/2024,848-91-8634,R O'Noland,07:38:00,38.4,133,88,09:20:01,Pediatria
29/07/2023,693-34-5229,A Offiler,21:37:00,37,106,80,22:27:12,Gastroenterologia
8/04/2024,493-76-6065,A Batte,14:59:00,39.7,169,107,16:13:54,Pediatria
1/06/2024,156-04-1460,V Caress,20:55:00,38.7,111,106,22:19:42,Ginecologia
1/04/2023,106-45-9457,I Nicol,22:49:00,37.2,103,93,23:04:57,Oncologia
17/08/2023,882-58-2131,U Richardin,21:37:00,36.9,173,91,21:48:13,Urologia
25/09/2023,578-51-6902,C Gisburn,00:43:00,38.1,109,72,00:54:23,Neumologia
26/06/2024,422-73-8407,Y Gowry,02:52:00,39.7,159,89,04:29:22,Neumologia
3/07/2024,172-22-0283,J Soall,02:38:00,38.5,168,61,03:19:19,Oncologia
30/05/2024,203-70-6564,X McGarvey,03:07:00,40,169,79,05:13:10,Oftalmologia
9/05/2024,865-28-1195,I Elcy,01:41:00,37.8,135,88,03:39:41,Endocrinologia
11/10/2023,832-36-7335,J Landrick,01:56:00,35.9,178,80,04:03:21,Cardiologia
2/04/2024,835-92-1138,S Kibel,18:08:00,37.7,114,78,20:41:17,Geriatria
11/03/2024,436-13-7446,Z Rudyard,01:06:00,38.4,102,92,03:23:25,Oftalmologia
15/05/2024,270-12-6526,L Krystek,22:36:00,39.9,139,76,23:12:57,Traumatologia
5/10/2023,892-94-9106,Q Softley,22:58:00,38.6,162,89,23:46:34,Traumatologia
3/10/2023,830-21-0433,H Rheubottom,00:01:00,35.8,169,82,02:57:34,Urologia
27/03/2024,522-22-0709,M Demeza,21:18:00,36.3,115,80,23:15:26,Dermatologia
6/05/2024,325-89-2126,Q Tubby,06:38:00,38.2,106,68,07:08:22,Cardiologia
6/05/2024,422-11-6911,G Honeyghan,00:23:00,36.6,170,90,02:15:24,Endocrinologia
17/03/2024,364-07-8056,R Sidsaff,16:05:00,38,161,100,17:56:18,Gastroenterologia
3/08/2023,678-63-5805,Q Gheeorghie,06:49:00,37.2,164,80,09:45:58,Neumologia
14/09/2023,869-21-9278,E Karlolczak,19:39:00,37.6,93,82,20:34:17,Pediatria
1/10/2023,651-30-0618,Q Craigg,01:12:00,35.7,102,67,03:59:58,Oncologia
17/10/2023,157-29-3974,N Selliman,06:19:00,37.8,147,95,08:33:29,Oftalmologia
12/09/2023,251-49-2826,Y Corkell,10:39:00,36.9,104,105,11:40:44,Cardiologia
26/07/2024,725-62-6165,G Martignon,20:45:00,37.5,174,62,23:04:16,Traumatologia
30/05/2023,315-73-8679,S Duinkerk,17:02:00,37.8,110,106,18:42:24,Geriatria
4/09/2023,284-29-1399,C O'Cannon,16:31:00,37.5,169,61,19:06:16,Gastroenterologia
2/04/2024,548-93-9953,S O'Neill,13:19:00,36.9,122,97,14:47:22,Endocrinologia
4/06/2024,777-39-8417,N Twinborough,04:24:00,35.6,159,70,05:29:09,Traumatologia
12/09/2023,408-93-7396,R Gunney,18:36:00,37.2,128,80,18:39:09,Gastroenterologia
1/07/2024,220-85-4256,O Cuerda,02:01:00,37.5,122,79,02:38:03,Urologia
15/04/2024,111-36-1435,V Giorgietto,12:27:00,36.6,140,73,12:31:42,Urologia
9/10/2023,897-70-0488,B Bowmer,19:52:00,40,110,60,20:34:47,Neumologia
18/03/2024,280-93-8703,C Izat,16:26:00,37.2,101,90,17:24:29,Ginecologia
29/05/2023,872-17-6505,D Austick,07:54:00,37.5,178,85,09:40:40,Urologia
1/04/2023,766-20-3662,N Sparsholt,01:13:00,39.5,104,61,01:50:47,Oncologia
10/03/2024,595-46-8071,C Drieu,04:22:00,40,105,92,06:28:22,Oncologia
17/10/2023,322-92-9504,I Riply,15:55:00,36.8,137,61,17:15:50,Gastroenterologia
14/09/2023,697-60-2495,A Downe,13:19:00,38.2,94,62,14:17:30,Pediatria
25/07/2024,706-76-0191,O Gallafant,15:08:00,36.3,139,106,17:15:11,Gastroenterologia
28/06/2024,695-96-3195,H Pascoe,01:39:00,38,177,69,02:44:07,Pediatria
19/06/2024,272-82-0727,P Meegan,12:53:00,37.1,129,76,13:24:16,Geriatria
7/05/2024,173-93-6685,V Brimacombe,02:18:00,35.9,94,67,05:11:27,Geriatria
26/08/2023,516-07-4192,P Lotte,12:28:00,36.9,113,96,13:12:16,Cardiologia
23/04/2024,884-49-7363,Q Horsfield,06:04:00,36.6,124,101,07:29:40,Endocrinologia
21/09/2023,442-29-7761,Y Gummer,09:22:00,37.6,119,109,09:45:47,Urologia
14/05/2024,150-06-3104,W Melland,17:00:00,35.8,150,72,17:25:29,Oncologia
25/06/2024,539-78-6123,H Swine,10:03:00,36.3,112,76,10:25:27,Geriatria
14/04/2024,282-26-7682,X Asker,13:08:00,38.6,167,72,13:36:53,Geriatria
1/05/2024,468-54-8320,N Swindall,23:12:00,36.3,166,90,23:30:24,Pediatria
1/05/2024,852-52-8451,Q Andrivot,22:32:00,39.9,145,91,22:39:17,Geriatria
1/07/2024,219-41-5143,F Priver,15:54:00,37.3,111,73,18:13:50,Cardiologia
1/07/2024,778-65-4673,G Summerly,12:56:00,39.1,113,66,13:22:32,Neumologia
23/03/2024,649-29-1531,W Fitzsymons,16:48:00,37.1,99,100,17:43:05,Endocrinologia
20/03/2024,145-39-5406,H Glasspool,08:47:00,36.7,154,93,09:32:18,Endocrinologia
10/09/2023,324-34-8824,S Quincey,22:45:00,36.5,160,79,23:15:46,Ginecologia
30/05/2024,887-48-1552,G Lewisham,12:53:00,35.5,119,60,13:52:25,Cardiologia
1/07/2024,346-84-5825,B McGann,04:59:00,36.3,115,94,05:37:08,Oncologia
17/10/2023,636-90-6357,B Lambarth,13:28:00,37.5,147,109,15:08:40,Pediatria
27/05/2024,324-29-4700,F Bubb,02:42:00,39.9,103,109,04:53:34,Ginecologia
5/05/2024,330-18-1664,Z Zanni,17:05:00,37.9,168,72,19:50:05,Geriatria
12/09/2023,403-55-3894,G Lowey,15:05:00,36.3,157,93,16:04:08,Pediatria
5/09/2023,334-71-3297,N Cavolini,20:05:00,38.3,157,67,21:41:52,Gastroenterologia
27/06/2024,444-76-3586,X Butchers,11:43:00,38.9,95,101,12:04:17,Cardiologia
27/07/2023,719-68-0598,W Lindmark,05:43:00,36,170,61,08:31:49,Neumologia
13/05/2024,285-87-9578,N Croney,11:08:00,36.7,129,65,12:33:04,Ginecologia
30/09/2023,236-16-8116,X Ert,15:16:00,38.7,100,89,16:53:50,Ginecologia
9/04/2023,388-07-6238,B Beaver,03:11:00,37.6,179,73,05:59:57,Cardiologia
20/03/2024,896-38-1209,C Killiner,18:30:00,36.3,115,76,20:09:20,Geriatria
28/10/2023,851-89-9617,K Petheridge,01:27:00,37.2,90,98,02:42:19,Pediatria
3/10/2023,718-27-6609,H Giotto,14:12:00,39.3,149,74,14:47:37,Cardiologia
5/04/2023,530-81-5765,D Labadini,21:58:00,36.6,156,74,23:21:18,Oncologia
4/04/2024,870-63-4486,X Fanti,10:27:00,37.5,134,79,12:07:22,Pediatria
13/10/2023,427-80-9934,J Howcroft,12:27:00,37.1,165,95,15:23:10,Traumatologia
9/04/2023,115-32-2649,W Eyres,20:54:00,38.9,151,86,23:07:03,Oftalmologia
9/05/2024,593-30-5918,Z De Hailes,09:32:00,36.9,99,103,09:34:02,Dermatologia
18/09/2023,440-04-5619,P Kivlehan,04:12:00,36.6,118,83,07:05:57,Gastroenterologia
14/10/2023,123-27-5720,P Gilardengo,03:14:00,36.7,166,70,04:09:17,Urologia
5/09/2023,363-33-8633,O Di Dello,04:15:00,38.6,98,105,04:37:12,Neumologia
26/09/2023,182-52-6741,K L'Hommee,13:51:00,36.7,158,109,16:18:59,Traumatologia
19/05/2024,349-54-7421,V Leeves,16:36:00,38.7,136,94,18:29:11,Urologia
2/04/2024,401-48-2727,O Puddicombe,19:31:00,37.3,109,87,21:09:11,Ginecologia
21/09/2023,609-71-3159,U Kean,21:35:00,38.8,137,76,22:58:37,Cardiologia
2/04/2024,258-52-9668,B Eathorne,14:32:00,38.4,106,102,15:31:02,Oncologia
24/05/2024,740-87-7128,B Webster,09:48:00,38.1,176,93,10:57:11,Traumatologia
5/10/2023,635-34-2598,R Duckham,17:50:00,36.3,138,72,18:30:05,Neumologia
20/03/2024,783-69-0929,B Spinley,20:57:00,38.4,99,71,23:39:46,Ginecologia
1/10/2023,320-34-9500,E Spavon,16:23:00,38.8,159,106,17:20:24,Pediatria
3/07/2024,500-31-0203,T Congdon,14:40:00,35.8,110,82,16:37:15,Oftalmologia
23/03/2024,708-89-8415,H Ghioni,19:19:00,39.4,108,109,21:06:54,Cardiologia
31/10/2023,701-67-1487,K Patis,17:06:00,37.4,120,70,17:41:29,Cardiologia
28/07/2023,829-18-5991,J Storms,01:50:00,39,101,62,02:46:06,Oncologia
30/05/2023,289-58-7260,I Windas,01:26:00,37,114,101,03:33:53,Ginecologia
6/06/2023,832-05-2705,K O' Faherty,18:32:00,35.5,136,97,20:07:07,Pediatria
1/04/2024,685-14-2682,V Mityakov,16:44:00,36.5,162,79,16:46:24,Urologia
4/06/2023,301-26-2921,N Orfeur,14:26:00,40,149,97,14:41:05,Endocrinologia
31/05/2024,240-62-0770,Q Pietraszek,08:09:00,38,116,84,11:03:45,Pediatria
20/09/2023,494-42-5304,H Maultby,00:51:00,36,140,63,01:26:42,Dermatologia
29/07/2024,103-26-4528,D Ambrozewicz,05:58:00,38.7,100,109,07:28:38,Traumatologia
14/09/2023,602-75-0217,U Palek,19:01:00,37,127,90,21:38:34,Cardiologia
16/09/2024,625-84-2319,L Hamby,17:27:00,39.1,145,88,17:56:14,Cardiologia
27/06/2024,735-51-2783,K Ind,21:27:00,38.5,170,92,21:46:29,Oftalmologia
12/06/2024,536-78-3429,K Isaac,23:24:00,39.4,127,76,23:51:53,Urologia
26/07/2024,881-89-6019,W Grieger,01:48:00,35.6,110,83,04:18:31,Neumologia
15/04/2024,771-83-1882,B Salazar,03:55:00,36.2,111,66,06:16:56,Dermatologia
1/06/2023,352-70-3795,L Ord,22:24:00,40,160,79,23:36:18,Pediatria
12/03/2024,247-62-4290,Q Lomansey,10:12:00,37.3,98,88,10:26:03,Endocrinologia
12/06/2024,659-69-2555,Y Castro,17:37:00,39.7,96,80,18:42:13,Cardiologia
11/09/2024,835-98-7545,T Suffe,20:25:00,36.4,176,81,21:12:17,Cardiologia
23/05/2024,576-47-4066,C Bellenie,02:42:00,38,104,70,04:49:09,Cardiologia
12/09/2023,560-91-9380,G Caroli,22:52:00,37.7,158,89,23:16:44,Gastroenterologia
13/10/2023,274-31-4793,J Lockney,16:35:00,36.1,107,60,17:09:37,Urologia
30/09/2023,485-30-3941,F Alldred,05:24:00,37.3,150,77,05:41:08,Oncologia
5/09/2023,467-25-9553,V Bisp,02:25:00,36.2,140,88,04:27:14,Endocrinologia
25/08/2023,234-79-5254,E Coners,18:00:00,39.9,98,88,19:26:23,Oncologia
29/04/2024,406-76-0752,G O'Hederscoll,04:41:00,36,178,84,06:14:19,Dermatologia
4/08/2023,735-56-2510,V Guiton,11:55:00,36.2,109,65,13:05:38,Oncologia
5/10/2023,608-50-7377,S Adnam,08:07:00,36,103,104,10:50:54,Traumatologia
1/11/2023,576-68-0482,D Hosier,13:54:00,38.1,145,90,14:30:39,Traumatologia
13/09/2023,178-03-0288,F Kunz,05:11:00,39.7,97,61,06:50:42,Neumologia
28/06/2024,316-12-4150,X Haskell,12:23:00,39.1,139,95,13:16:04,Cardiologia
8/06/2024,790-73-7064,T Northway,04:56:00,38.2,116,69,05:44:26,Cardiologia
1/06/2024,835-45-5469,B Jorat,00:40:00,39.1,143,89,01:19:04,Dermatologia
20/05/2024,222-17-4011,U McKibbin,10:05:00,38.2,170,80,11:22:49,Oftalmologia
26/07/2024,171-23-3641,H Witcomb,19:21:00,38.2,116,103,19:33:57,Neumologia
12/04/2024,608-69-9918,R Lebell,02:40:00,37,159,70,04:39:49,Gastroenterologia
15/10/2023,723-73-7614,I Kennedy,17:29:00,39.9,142,97,19:25:47,Cardiologia
21/09/2023,108-24-4463,I McIlvoray,06:33:00,36.1,112,75,06:49:54,Oftalmologia
23/06/2024,600-88-7516,I Burt,22:25:00,38.1,134,85,23:35:09,Pediatria
4/06/2023,898-05-7530,D Spoor,21:05:00,37.6,117,104,23:27:41,Geriatria
25/06/2024,185-86-8176,S McCreery,09:18:00,38.2,98,99,10:15:06,Geriatria
29/04/2024,173-60-7745,D MacInerney,19:35:00,39.5,136,70,20:09:35,Ginecologia
6/04/2024,199-06-1284,G Tibb,08:16:00,39.9,127,84,09:34:35,Dermatologia
3/09/2023,442-16-0232,Z Covil,21:18:00,37.5,113,102,23:10:22,Ginecologia
7/10/2023,844-29-1051,Z Deeprose,22:40:00,37,170,90,23:12:35,Oncologia
14/08/2023,465-33-5924,E Lavallin,00:32:00,38.1,137,67,02:50:53,Oftalmologia
13/06/2024,524-01-4528,R Born,07:17:00,38.4,145,99,07:25:16,Gastroenterologia
7/04/2023,324-71-0403,T D'Oyly,11:58:00,35.7,107,73,12:37:24,Cardiologia
4/11/2023,877-89-1517,U Possel,09:41:00,37,111,73,11:40:09,Oftalmologia
18/05/2024,142-71-5420,X Logue,06:26:00,38.8,131,81,07:30:09,Oftalmologia
4/06/2024,477-94-3638,P Salasar,17:27:00,37.7,105,92,18:16:21,Endocrinologia
20/09/2023,611-56-4055,T Caccavale,01:04:00,37.6,142,84,03:42:26,Geriatria
12/09/2023,316-10-9824,Z Pinnegar,08:35:00,38.3,158,76,10:33:29,Dermatologia
4/11/2023,618-10-2399,B Portail,03:38:00,39.4,171,80,05:39:56,Cardiologia
21/08/2023,784-61-7194,A Menguy,02:23:00,39,160,72,03:56:46,Cardiologia
28/07/2024,478-46-3518,R McFarlane,17:09:00,37,108,84,19:40:32,Traumatologia
23/05/2024,782-31-2439,T Goodchild,14:01:00,35.9,155,80,15:53:37,Geriatria
13/03/2024,578-88-8378,F McFall,00:41:00,38.2,168,62,03:06:50,Oftalmologia
19/09/2024,852-95-0715,T Antrim,22:37:00,38.9,167,95,23:32:59,Oncologia
3/04/2024,727-99-6666,S Ions,12:42:00,37.6,106,92,14:51:58,Oncologia
28/08/2023,684-05-3448,F Boggish,06:12:00,38.1,154,75,06:48:46,Pediatria
15/04/2024,620-03-2957,X Rickaby,20:44:00,39.4,140,102,23:42:13,Pediatria
13/10/2023,336-20-9942,K Petrillo,05:45:00,37.2,153,108,06:56:09,Endocrinologia
29/07/2023,519-47-6165,H Evill,20:53:00,36.9,146,90,23:09:30,Dermatologia
28/07/2024,716-82-2881,E Harrisson,10:50:00,35.6,130,102,13:49:26,Pediatria
29/05/2024,424-26-5497,O McCrossan,06:35:00,38.9,111,107,08:46:30,Endocrinologia
4/05/2024,353-22-9361,H Prinett,02:38:00,39.3,143,96,03:24:34,Neumologia
6/05/2024,177-38-4025,R Pilipyak,05:14:00,39.9,114,66,05:34:33,Endocrinologia
5/10/2023,348-11-5757,L Gregs,11:28:00,36.4,158,100,12:00:07,Endocrinologia
17/03/2024,834-30-4050,B Theis,14:54:00,38.4,145,103,15:43:48,Cardiologia
25/04/2024,736-08-1957,D Larmour,01:05:00,35.5,127,101,03:10:16,Oncologia
10/04/2023,371-27-7072,I Pycock,03:28:00,36.8,104,105,06:11:08,Pediatria
27/03/2024,679-23-8667,T Southernwood,06:32:00,38.9,134,93,06:48:57,Gastroenterologia
14/10/2023,539-79-7693,Z Burtenshaw,05:07:00,38.4,174,60,05:57:37,Traumatologia
29/05/2023,859-91-0113,U Vyel,05:14:00,35.5,104,95,07:00:03,Pediatria
2/07/2024,323-89-5089,L Worner,05:00:00,39.2,147,101,05:28:36,Pediatria
7/04/2023,325-34-7964,P Flanagan,13:44:00,39,148,97,16:14:01,Traumatologia
24/10/2023,855-64-6102,R Hamlin,12:38:00,38.7,108,69,14:33:40,Ginecologia
11/06/2024,370-55-2291,X Mc Trusty,11:22:00,37.5,133,106,12:27:37,Endocrinologia
15/08/2023,359-97-6728,W Boch,02:09:00,37.8,151,92,02:50:29,Geriatria
13/04/2023,752-27-1468,D Dedon,22:43:00,39.3,103,67,23:29:50,Dermatologia
11/06/2024,504-68-7812,Y Cawthorn,17:52:00,39.5,94,60,19:56:24,Pediatria
20/03/2024,141-90-4537,B Kornyshev,12:07:00,38.5,103,87,12:46:53,Dermatologia
4/06/2023,637-90-2785,H Garside,20:30:00,37.8,147,109,23:46:07,Endocrinologia
10/09/2023,808-37-0659,Y Anfusso,00:59:00,37.3,127,80,02:14:28,Ginecologia
9/04/2024,645-29-6383,G Hitzschke,09:02:00,36.6,134,90,10:29:26,Oftalmologia
8/05/2024,848-87-0288,L Empson,22:33:00,38.2,129,99,23:35:19,Urologia
23/09/2023,207-51-4043,P Fuke,13:33:00,38.2,146,64,14:23:28,Ginecologia
30/07/2023,719-19-2025,I Waldren,14:40:00,37.3,160,89,15:26:41,Dermatologia
12/09/2024,676-90-4688,U Reame,17:18:00,39.1,109,61,17:42:38,Cardiologia
2/07/2024,726-73-5570,K Hutchcraft,05:20:00,39.7,153,88,08:03:45,Neumologia
4/06/2024,800-04-2533,I Garralts,01:33:00,39.9,117,64,01:34:49,Cardiologia
20/05/2024,640-10-5390,H Rein,06:02:00,38.8,146,64,07:35:04,Oncologia
20/03/2024,109-85-7478,G Arter,02:36:00,38.6,116,84,04:58:40,Endocrinologia
24/07/2024,406-30-2620,U Shutt,19:20:00,36.6,177,73,20:53:16,Traumatologia
5/04/2024,549-67-9921,X Hewson,08:24:00,39,129,65,10:00:23,Geriatria
29/06/2024,408-26-1392,H Hupka,14:25:00,36,159,93,16:51:39,Neumologia
29/07/2024,127-78-2954,N Faustian,10:38:00,39,107,82,12:13:27,Gastroenterologia
1/07/2024,187-33-8018,T Reeks,22:05:00,36.4,117,98,23:08:08,Geriatria
12/06/2024,608-66-3521,A Coldbathe,00:01:00,37.2,178,107,00:26:40,Endocrinologia
24/06/2024,407-58-6440,G Meneyer,12:48:00,39.8,133,69,13:19:17,Geriatria
8/06/2024,437-21-6645,D Izakovitz,14:49:00,39,137,106,16:29:20,Gastroenterologia
26/05/2024,626-42-7918,C Pimlock,05:19:00,39.4,112,63,07:22:15,Oncologia
1/05/2024,191-43-9431,G Bain,14:15:00,38.4,129,69,16:53:39,Endocrinologia
24/05/2024,883-95-1731,U Tern,02:59:00,39.1,100,80,05:39:01,Oftalmologia
16/06/2024,574-65-3712,J Massow,18:38:00,38.3,90,61,19:45:17,Urologia
1/06/2024,763-41-5675,I Yardy,03:47:00,37.6,144,67,04:09:21,Gastroenterologia
28/08/2023,526-19-8373,D Eblein,21:25:00,39.4,166,65,22:00:18,Oncologia
12/06/2024,283-63-7892,V Hanigan,21:09:00,38.8,93,102,22:55:40,Dermatologia
18/09/2023,177-89-1312,W Windous,20:07:00,37.9,116,80,21:38:53,Traumatologia
15/10/2023,492-27-5140,J Franschini,10:25:00,36,116,99,11:22:49,Traumatologia
2/07/2024,381-22-6530,E Ateridge,05:43:00,38.2,109,100,08:03:13,Traumatologia
31/03/2024,285-78-6419,W Orys,20:09:00,37.7,93,65,20:46:48,Urologia
30/07/2023,441-37-7166,G Semor,03:29:00,39.9,113,101,05:52:51,Gastroenterologia
17/04/2024,243-86-0385,F Dowling,20:56:00,37.3,97,102,23:18:04,Gastroenterologia
24/09/2024,675-21-7410,A Penswick,09:04:00,36.9,137,74,11:06:32,Gastroenterologia
25/06/2024,331-34-8927,D Mitchely,16:46:00,39.6,105,95,18:35:26,Pediatria
25/04/2024,148-50-5807,L Kennedy,09:39:00,36.3,139,105,09:44:41,Urologia
7/05/2024,783-65-6030,D O'Carrol,21:26:00,38.8,147,99,23:18:49,Cardiologia
4/08/2023,108-47-3243,Q Geikie,19:45:00,38.6,91,97,21:20:57,Urologia
29/09/2023,294-44-8935,F Bellefant,01:15:00,36.9,150,83,02:36:35,Urologia
20/09/2023,438-78-5956,V Wesgate,21:12:00,38.6,115,90,23:51:52,Geriatria
31/05/2024,446-50-4248,B Bricket,08:48:00,38.2,126,73,10:40:53,Ginecologia
26/05/2023,495-06-8156,C Findlay,19:02:00,38,109,63,19:20:09,Geriatria
14/08/2023,262-44-2199,X Breche,03:37:00,36.8,139,108,06:22:37,Traumatologia
7/05/2024,849-50-0138,H Ruhben,04:54:00,39.3,100,72,07:06:28,Dermatologia
1/06/2024,628-78-2242,T Fury,11:31:00,37.7,177,75,14:22:14,Geriatria
28/03/2024,885-79-8466,U Bannon,05:49:00,36.9,156,102,07:14:58,Traumatologia
15/04/2023,105-08-6438,J Baumer,09:44:00,38.4,125,100,12:41:21,Cardiologia
7/06/2024,131-78-6758,V Richt,14:51:00,39.2,108,92,16:45:35,Dermatologia
30/05/2023,469-17-6711,Y Spurr,05:46:00,36.6,129,83,05:51:11,Dermatologia
27/10/2023,678-53-9593,U Genn,04:36:00,38.9,107,100,05:50:33,Dermatologia
28/10/2023,181-64-2880,B Sever,19:40:00,35.6,178,91,23:27:49,Endocrinologia
1/07/2024,854-45-3713,B Riggulsford,16:18:00,40,123,93,16:23:45,Neumologia
20/09/2023,582-07-3138,N Bowshire,16:48:00,37.1,103,60,17:00:27,Neumologia
1/06/2023,893-28-5273,F Metcalf,20:31:00,38,146,79,22:15:20,Traumatologia
5/09/2023,877-31-9427,S Prazer,22:20:00,36.3,142,92,23:14:58,Oftalmologia
9/05/2024,498-68-8416,S Barrus,01:59:00,36.1,132,102,02:43:52,Pediatria
23/05/2024,844-70-3132,X Clench,09:40:00,37.6,172,73,10:00:42,Traumatologia
7/06/2023,290-17-7158,O Schubbert,10:33:00,35.8,152,75,12:32:59,Neumologia
28/06/2024,285-46-6711,O Stemson,21:39:00,36.3,99,96,23:22:25,Dermatologia
27/05/2024,206-34-0053,F Booty,01:44:00,39.3,144,69,04:28:40,Dermatologia
15/03/2024,667-17-4571,X Lantoph,13:34:00,39.4,118,63,15:03:23,Ginecologia
24/05/2024,274-77-1614,F Pelos,00:47:00,36.6,96,105,01:13:56,Traumatologia
26/09/2023,880-82-9131,J Corhard,13:08:00,39.8,145,92,14:14:33,Endocrinologia
3/07/2024,264-76-9841,V Rawdales,17:50:00,36.6,156,92,20:37:55,Gastroenterologia
26/09/2023,374-55-2198,K Barrim,02:24:00,38,94,109,04:37:52,Endocrinologia
12/03/2024,674-63-6347,D Lamort,18:53:00,36.6,102,106,19:10:48,Dermatologia
15/03/2024,201-34-2154,A Chill,20:28:00,38.4,102,108,23:08:49,Oncologia
4/05/2024,218-08-9169,M Conn,17:27:00,39.7,103,78,19:57:43,Oftalmologia
24/07/2024,683-99-2198,V Iggulden,20:02:00,39.9,150,79,21:48:41,Neumologia
8/06/2024,704-73-3087,S Gowler,17:35:00,36.4,161,91,20:11:37,Oftalmologia
4/06/2023,547-05-3726,V Oakden,03:07:00,38.9,157,60,03:52:01,Dermatologia
8/10/2023,430-57-7863,L Rops,21:45:00,39.2,94,94,23:16:01,Cardiologia
7/09/2023,350-63-4551,Y Vass,07:05:00,36,165,82,07:46:49,Pediatria
3/08/2023,758-79-5456,W MacKilroe,20:19:00,39.3,164,92,23:59:07,Gastroenterologia
26/06/2024,337-20-1813,Z Twinberrow,18:21:00,37.8,178,77,21:00:52,Pediatria
19/05/2024,749-77-6720,V Pollard,03:33:00,37.8,99,106,04:29:48,Gastroenterologia
24/07/2024,353-36-6428,P Durrant,02:03:00,36.7,111,99,04:21:42,Pediatria
6/04/2024,242-33-1856,T Wyman,02:17:00,37.1,119,69,04:49:14,Oncologia
11/03/2024,669-74-2146,C Bilby,17:06:00,39,128,84,17:38:14,Oftalmologia
28/03/2024,138-52-2171,H Banger,12:57:00,39,132,95,13:41:45,Oncologia
24/05/2024,678-06-2315,X Udey,21:28:00,35.9,173,109,23:45:31,Oftalmologia
26/06/2024,899-17-3356,Z D'Hooghe,14:22:00,38.5,92,105,16:38:36,Traumatologia
7/04/2023,614-27-2796,S Sango,03:52:00,36.5,122,86,04:40:08,Traumatologia
27/08/2023,250-82-5464,D Heath,00:46:00,38.3,117,92,02:09:45,Gastroenterologia
14/09/2024,444-75-2039,B Cheves,13:25:00,39.6,91,76,13:52:14,Dermatologia
23/09/2024,308-97-7916,R Smale,00:50:00,39.1,91,94,01:14:07,Dermatologia
29/09/2023,602-64-6212,N Stive,02:21:00,38.5,173,105,02:56:06,Traumatologia
10/10/2023,719-53-4693,C Drinkhill,11:02:00,38.4,115,78,12:57:24,Geriatria
22/06/2024,405-64-0256,Y Topling,04:45:00,36.3,96,87,05:41:02,Oncologia
24/08/2023,370-89-4668,P Gingle,02:47:00,38.3,133,79,04:12:38,Ginecologia
8/04/2024,277-32-2308,G Van der Mark,00:55:00,37.7,135,108,01:21:52,Oftalmologia
29/06/2024,493-57-5938,B Sherwen,11:57:00,35.9,161,66,14:48:49,Oftalmologia
29/05/2024,580-01-3557,P Weigh,12:52:00,36.7,163,99,14:08:54,Oncologia
25/07/2024,382-23-4466,A Longridge,13:08:00,37.4,108,81,14:03:13,Pediatria
26/08/2023,785-08-5699,C Beloe,15:21:00,38.8,119,72,16:10:08,Neumologia
2/06/2023,853-23-2745,A Riding,16:08:00,38.7,179,76,17:55:34,Urologia
5/04/2024,858-06-1882,N Hoggan,10:11:00,39.8,177,68,12:24:19,Neumologia
2/04/2024,891-13-0532,Z Dayes,06:03:00,36.2,177,79,07:24:50,Geriatria
9/04/2023,630-50-3515,K Collett,01:00:00,35.7,105,94,02:59:50,Traumatologia
13/06/2024,708-38-2408,W Bust,20:24:00,37.9,156,98,20:57:45,Urologia
13/09/2024,154-20-9417,A Roberti,17:45:00,38.2,151,80,19:32:56,Endocrinologia
1/06/2024,577-56-7589,T Utterson,01:17:00,39.4,151,90,03:18:34,Neumologia
2/07/2024,785-76-6854,D Frean,14:19:00,37.3,135,82,16:09:49,Gastroenterologia
19/08/2023,762-44-7104,C Lerwill,22:46:00,36.6,107,78,23:21:34,Geriatria
9/08/2023,560-55-4242,W Simonassi,18:09:00,36.2,164,61,19:08:14,Traumatologia
9/04/2024,888-40-6467,Q Mensler,03:00:00,38,155,68,05:07:11,Dermatologia
8/05/2024,100-40-2709,O Cammack,04:58:00,36.2,155,88,05:59:03,Traumatologia
16/05/2024,525-26-1951,T Colecrough,12:16:00,37.8,136,87,14:12:13,Oftalmologia
5/10/2023,317-09-5665,O Tourot,17:02:00,36.3,143,76,19:28:11,Gastroenterologia
9/04/2024,462-41-3786,U Chinnock,07:08:00,37.7,170,63,09:42:33,Pediatria
13/05/2024,100-34-6753,B Paulus,14:03:00,36,153,90,15:52:37,Oncologia
1/06/2024,439-09-4695,T Bastiman,19:48:00,36.7,141,83,20:55:11,Pediatria
27/10/2023,238-35-0465,P Saltwell,06:46:00,36.4,166,95,06:58:16,Dermatologia
24/09/2023,152-82-3590,M Sergeant,12:52:00,38.2,97,76,15:20:04,Pediatria
11/10/2023,536-60-6147,O Caberas,07:36:00,39.1,105,95,08:07:18,Neumologia
13/03/2024,879-42-2067,E Ridpath,09:42:00,36.6,143,71,11:12:26,Gastroenterologia
5/05/2024,770-08-4969,N Bidewell,08:57:00,36.5,160,68,10:39:56,Traumatologia
19/06/2024,154-15-2617,S Copyn,10:08:00,35.9,124,61,11:34:33,Oncologia
13/03/2024,861-48-5444,K Minero,12:35:00,38.9,168,76,15:19:46,Gastroenterologia
29/07/2023,157-31-7520,K Gwillim,16:57:00,35.9,167,108,16:59:35,Endocrinologia
6/09/2023,670-56-9740,W Anfossi,17:12:00,36.8,112,81,19:06:14,Pediatria
29/05/2023,858-02-6228,F Tomik,09:59:00,35.6,114,95,10:55:53,Gastroenterologia
16/06/2024,509-77-5147,N Longmire,19:05:00,39.7,165,69,21:07:30,Urologia
1/10/2023,266-73-6494,P Cockshutt,11:36:00,37.4,173,78,14:24:40,Urologia
10/06/2024,422-80-2579,Y Hamments,23:30:00,39.7,155,65,23:56:11,Oftalmologia
27/09/2023,177-31-8738,Q Scogin,07:36:00,37,171,90,10:35:02,Ginecologia
20/09/2023,262-42-0301,V Hockey,16:01:00,37.4,101,103,17:45:51,Endocrinologia
4/05/2024,388-62-0454,U Jeavon,04:21:00,36.8,111,82,07:10:46,Pediatria
30/09/2023,403-34-2322,A Cammocke,22:27:00,39.9,102,87,22:36:50,Endocrinologia
1/06/2024,290-17-4655,Y Whitington,06:10:00,37.7,144,67,08:36:03,Neumologia
7/05/2024,568-22-3902,Z La Wille,15:04:00,37,101,96,16:57:15,Neumologia
10/09/2023,659-62-1017,G Ginnety,03:22:00,36,168,66,06:19:43,Traumatologia
26/08/2023,347-50-6945,N Schustl,14:41:00,36.6,135,97,15:30:41,Gastroenterologia
26/06/2024,150-41-7960,H Manders,09:05:00,36.7,90,78,10:56:17,Cardiologia
2/11/2023,736-65-1711,U Rumble,11:34:00,40,125,90,12:05:24,Urologia
30/05/2024,691-60-9872,A D'orsay,03:36:00,39.5,130,105,03:59:35,Endocrinologia
2/04/2024,285-58-7134,S McFadyen,20:57:00,36.4,102,84,22:09:06,Oncologia
7/04/2023,469-90-5298,R Huggett,06:40:00,38.6,158,74,08:01:06,Oncologia
18/05/2024,141-29-4628,G Nisius,08:54:00,38.2,137,104,09:53:16,Ginecologia
30/09/2023,638-34-1905,S Reichelt,19:29:00,37.7,94,83,19:57:14,Pediatria
10/06/2024,700-13-0524,Z Surphliss,00:44:00,35.9,104,93,02:46:23,Dermatologia
29/04/2024,788-52-8242,Z Avramchik,16:37:00,39.2,140,72,17:27:21,Dermatologia
7/06/2023,360-64-1390,K Terrey,22:36:00,39.9,141,96,23:45:51,Geriatria
19/04/2024,198-35-6734,U Eykel,17:22:00,38.4,127,69,19:58:11,Dermatologia
6/09/2023,300-26-1229,K Hakey,16:03:00,37.7,177,84,18:19:13,Gastroenterologia
3/06/2023,103-66-1502,I MacBean,13:14:00,36.9,156,103,14:26:29,Endocrinologia
19/04/2024,213-20-9329,G Dillet,03:30:00,38.8,159,78,05:43:05,Geriatria
18/05/2024,657-23-9149,S Brantl,21:15:00,39.9,133,60,22:04:49,Neumologia
25/07/2024,869-11-9024,C Trebbett,00:45:00,39.5,108,93,00:56:56,Endocrinologia
9/08/2023,258-52-1051,R Duddell,18:13:00,39,140,83,20:03:58,Oftalmologia
9/10/2023,887-04-0837,R Swindley,09:02:00,36.3,145,106,10:41:53,Pediatria
23/06/2024,334-41-5934,X Ponte,06:16:00,37.1,177,104,06:20:11,Cardiologia
8/04/2024,731-69-9552,D Langeren,21:13:00,37.8,171,76,23:52:24,Traumatologia
6/06/2024,206-56-8505,E Gummoe,10:54:00,38.7,167,93,11:21:57,Ginecologia
5/11/2023,781-73-2733,E Edgcombe,07:18:00,39.2,158,108,07:54:58,Geriatria
23/09/2024,570-43-7551,D Cashin,09:45:00,38.3,129,65,11:36:07,Urologia
28/10/2023,426-46-7370,F Misselbrook,06:51:00,35.6,141,97,08:37:01,Gastroenterologia
4/11/2023,373-09-7656,H Eckford,03:08:00,37.4,145,65,05:23:23,Dermatologia
24/06/2024,363-01-4073,J Zimmer,00:20:00,37.2,131,94,00:48:53,Oncologia
17/05/2024,606-12-2990,H Sandifer,13:10:00,35.8,91,61,15:07:05,Oncologia
12/09/2024,381-26-3402,N Ockendon,08:49:00,36.3,138,69,11:39:56,Pediatria
15/03/2024,371-39-0855,V McCreedy,05:48:00,36.3,148,67,07:53:42,Geriatria
10/06/2024,489-59-2907,G Folkerd,21:09:00,36,144,97,21:53:48,Dermatologia
25/10/2023,152-67-4247,G Domenichelli,18:24:00,39.1,139,79,19:56:43,Oncologia
2/11/2023,180-27-1558,F Stacy,14:32:00,37.2,127,88,17:12:23,Pediatria
15/05/2024,680-95-1949,Y Wessel,22:51:00,39.8,115,106,22:52:51,Pediatria
12/04/2024,456-11-4142,N Tretwell,02:27:00,39.3,176,99,05:25:57,Gastroenterologia
27/07/2024,800-66-2051,I Plastow,13:05:00,39.8,103,62,15:28:28,Geriatria
19/09/2024,607-90-7919,Y Raynard,05:15:00,37.8,117,108,07:54:41,Endocrinologia
29/05/2023,683-01-7970,S Tethcote,00:06:00,37.5,97,96,03:03:15,Traumatologia
11/10/2023,842-53-5450,P Ruperti,17:26:00,39.5,172,77,18:07:25,Geriatria
26/06/2024,197-33-1015,N Mengue,05:32:00,37.3,105,72,08:29:26,Ginecologia
29/06/2024,872-59-7286,O Fairlaw,06:00:00,37.4,166,92,07:09:24,Oftalmologia
19/08/2023,196-37-4530,O Lovewell,19:35:00,39.6,156,69,21:56:15,Oftalmologia
29/03/2024,270-66-5272,P Collingwood,06:01:00,38,134,62,06:11:52,Traumatologia
19/10/2023,504-53-3068,E Pate,20:45:00,36.7,153,78,23:30:21,Geriatria
28/06/2024,689-04-9270,U Island,07:18:00,37.2,141,87,09:17:56,Gastroenterologia
5/10/2023,206-01-6874,A Ilyinykh,22:01:00,38.8,117,84,22:44:22,Traumatologia
26/06/2024,633-69-2579,K Strotton,03:09:00,37.8,154,98,03:43:27,Oncologia
24/05/2023,443-42-3313,X Peron,07:25:00,36.3,150,75,08:41:54,Traumatologia
30/05/2024,169-60-7674,S Degoey,03:45:00,39.4,90,83,05:01:35,Neumologia
23/04/2024,653-94-6889,K Greenroad,15:00:00,39.7,165,90,16:04:37,Oftalmologia
13/10/2023,250-43-2257,H McBlain,12:53:00,37.2,108,101,14:41:53,Neumologia
26/09/2023,252-77-6344,K Gettens,14:52:00,39.5,103,98,15:04:46,Oftalmologia
30/07/2023,195-15-7594,P Smallshaw,20:16:00,35.9,110,78,21:19:46,Cardiologia
29/05/2024,218-35-3191,K Jiroutka,14:39:00,39.8,136,78,15:35:55,Oftalmologia
29/05/2023,689-39-0776,B Housbey,15:49:00,38.1,141,94,18:12:23,Dermatologia
22/06/2024,699-27-8178,E Ascraft,06:07:00,38.8,130,95,06:16:06,Oftalmologia
1/10/2023,801-74-4085,J Kerton,10:40:00,39.7,104,103,11:29:08,Urologia
7/11/2023,192-37-6592,S Rupel,01:37:00,38,140,104,03:39:01,Oncologia
11/03/2024,829-75-6831,Z McColley,21:11:00,35.6,138,102,21:15:44,Neumologia
12/09/2024,789-52-9572,Q Wartonby,12:47:00,39.5,92,100,15:25:22,Oncologia
7/08/2023,134-90-6858,J Emby,18:59:00,39.5,97,71,20:08:21,Geriatria
9/04/2024,181-45-7803,O Cisland,00:12:00,39.8,126,86,01:58:14,Endocrinologia
14/05/2024,600-56-6481,O Malbon,09:51:00,36.3,131,84,10:28:32,Traumatologia
5/04/2023,592-07-8966,K Antonietti,03:11:00,36.7,118,72,03:17:59,Ginecologia
29/07/2023,811-98-4727,G Guierre,21:29:00,39.8,161,105,23:52:39,Cardiologia
5/04/2024,589-31-7830,Z Llewellyn,16:36:00,36.1,169,63,18:46:31,Ginecologia
9/05/2024,554-13-4224,E Benesevich,11:12:00,38.4,135,93,13:16:04,Oftalmologia
27/08/2023,686-15-3149,D Van't Hoff,21:50:00,36.9,137,101,22:15:49,Neumologia
3/06/2023,785-87-9452,V Gentle,14:54:00,39.7,126,67,17:19:12,Oncologia
8/09/2023,495-09-1764,I Bocken,23:31:00,39.8,169,83,23:39:36,Dermatologia
2/06/2024,510-10-3956,T Thomann,18:04:00,35.8,159,62,20:18:33,Ginecologia
29/07/2024,132-85-8091,Q Goucher,07:21:00,37.8,133,101,10:16:04,Oftalmologia
3/04/2024,387-11-4530,J Stanyer,07:49:00,36.4,172,97,10:27:48,Neumologia
29/05/2024,665-11-9872,D Gasnell,08:57:00,36.3,105,70,10:36:21,Ginecologia
20/09/2023,347-87-0017,I Farfalameev,12:11:00,36.2,114,108,12:28:16,Pediatria
23/05/2024,482-84-7146,Y Rathbone,07:01:00,38.3,179,82,07:36:35,Oncologia
7/09/2023,516-82-9080,N Klosser,05:42:00,39.5,146,109,06:19:06,Urologia
6/09/2023,156-38-9827,L Chapellow,12:57:00,36.9,158,87,15:49:25,Geriatria
5/11/2023,509-22-5012,P Aggis,06:35:00,37.5,108,82,08:15:06,Cardiologia
3/06/2023,349-88-0069,H Lutwidge,21:28:00,37.8,135,64,21:55:40,Oftalmologia
19/04/2024,680-97-7540,J Ost,20:33:00,39.6,133,104,21:44:29,Cardiologia
21/06/2024,661-12-9006,I Apperley,15:04:00,36.4,155,75,15:59:57,Neumologia
8/06/2024,193-37-7138,J Simons,14:13:00,36,109,101,16:22:17,Neumologia
24/09/2023,481-73-3813,Z Allone,17:33:00,37.4,161,107,19:38:13,Gastroenterologia
10/04/2023,222-85-6440,S Petrolli,09:45:00,38.3,114,101,10:59:17,Cardiologia
25/08/2023,214-52-9500,N Starmer,03:12:00,39.3,107,62,05:52:35,Cardiologia
15/04/2023,427-82-7478,O Greenstead,16:38:00,38.4,148,101,16:47:35,Neumologia
20/09/2023,736-33-9095,P De Leek,09:48:00,36.5,171,60,10:21:50,Endocrinologia
13/06/2024,899-98-2466,V Rodinger,18:09:00,36.8,126,69,18:22:19,Geriatria
7/05/2024,480-76-5508,E Mapledorum,07:38:00,38.4,163,67,09:52:28,Traumatologia
30/09/2023,334-16-5444,L Mayward,23:16:00,37.4,118,87,23:51:12,Dermatologia
20/03/2024,709-54-8843,R Shawdforth,11:30:00,35.7,99,75,12:43:05,Oncologia
23/04/2024,843-63-4258,Q Stiggers,12:12:00,38.7,168,86,13:11:37,Geriatria
2/04/2024,255-37-8774,K Melsom,05:58:00,39.1,169,104,07:49:08,Geriatria
8/09/2023,437-12-1504,V Ceillier,11:24:00,40,142,101,14:04:48,Dermatologia
3/07/2024,831-50-1174,F Jamary,03:45:00,38.4,148,87,04:15:51,Ginecologia
28/10/2023,643-88-8465,V Kynforth,11:51:00,39.4,120,64,13:41:14,Urologia
12/09/2024,142-36-2760,C Patty,04:39:00,37.7,151,73,07:11:42,Pediatria
24/06/2024,744-11-8969,G Carp,19:24:00,39.3,167,71,20:46:07,Pediatria
13/09/2023,705-01-2168,S Jowitt,20:55:00,39.5,117,83,23:15:57,Ginecologia
13/10/2023,561-92-4547,V Godridge,17:36:00,36.3,157,73,18:56:16,Urologia
2/06/2023,311-78-6420,N Tenniswood,16:54:00,39.4,141,81,19:17:04,Gastroenterologia
19/06/2024,711-16-5014,L Frostdyke,21:12:00,39.6,102,89,23:09:54,Dermatologia
24/05/2024,251-38-8325,X Marjoram,14:50:00,36.6,131,80,16:58:53,Ginecologia
10/06/2024,208-30-8894,Y Quiddinton,02:36:00,37.9,121,105,05:30:26,Gastroenterologia
12/06/2024,713-14-9027,X Kearsley,12:38:00,38.5,102,66,14:40:43,Endocrinologia
13/04/2024,229-03-5195,V Iacovazzi,02:09:00,35.5,104,74,03:53:43,Urologia
17/08/2023,204-82-4893,C Hurn,04:43:00,35.5,168,75,06:28:33,Ginecologia
7/04/2024,480-93-4605,T Monro,23:08:00,38.9,167,88,23:37:41,Ginecologia
23/03/2024,267-31-5874,C Pearl,03:48:00,36.1,123,89,04:17:16,Gastroenterologia
27/07/2024,727-78-9302,D Beechcraft,13:18:00,35.6,111,100,16:15:54,Cardiologia
27/04/2024,245-88-7683,W Rowet,21:49:00,39.6,168,96,23:45:20,Pediatria
15/04/2024,730-80-4986,Q Spackman,16:02:00,37.2,122,87,17:16:42,Traumatologia
5/11/2023,858-25-8911,V Wedon,14:15:00,38.9,98,94,15:00:15,Oftalmologia
31/05/2023,848-67-2081,X Dikles,14:47:00,36.7,112,95,17:16:45,Pediatria
16/04/2024,177-20-9536,P Casford,05:47:00,39.9,171,103,07:32:11,Oncologia
19/10/2023,805-12-6491,Y Collcott,18:57:00,37.8,163,104,21:35:31,Neumologia
23/09/2023,509-88-2899,F Brudenell,23:51:00,39.4,132,95,23:56:30,Dermatologia
6/04/2024,817-93-7526,J Pollak,15:31:00,40,173,101,16:27:27,Ginecologia
20/05/2024,636-29-5268,D Shawel,15:29:00,37.1,103,107,16:41:57,Cardiologia
27/05/2024,127-74-5580,B Lambswood,04:02:00,37.7,134,89,05:03:50,Ginecologia
4/11/2023,499-92-5363,W Cayzer,05:18:00,38.8,94,84,07:49:20,Gastroenterologia
13/04/2023,139-14-2557,Y Janks,12:12:00,39.2,120,80,14:30:09,Endocrinologia
19/05/2024,430-41-7125,K Grimston,19:05:00,37.7,166,87,21:34:43,Ginecologia
12/03/2024,314-47-2091,Z Weyman,08:45:00,35.7,120,79,11:30:21,Cardiologia
6/05/2024,146-07-1057,G Hanselmann,00:44:00,37.4,150,70,02:46:17,Gastroenterologia
14/08/2023,803-80-1729,S Jukes,23:17:00,37.4,141,64,23:46:41,Oftalmologia
29/07/2024,122-91-7361,P Dobbinson,02:26:00,37.9,138,65,04:22:53,Traumatologia
24/09/2024,551-13-2462,E Sant,00:53:00,36.4,176,66,01:44:31,Traumatologia
29/03/2024,577-82-1899,F Kohtler,00:47:00,38.7,98,98,01:24:52,Oncologia
14/06/2024,257-61-2650,T Strond,22:07:00,37.9,149,97,22:14:23,Dermatologia
5/10/2023,564-82-4273,H Neller,06:59:00,36.7,151,103,08:36:27,Ginecologia
4/06/2024,358-91-5396,V Jerrold,16:09:00,39,103,97,16:45:59,Cardiologia
11/06/2024,166-14-0422,L Cawte,18:03:00,39.4,167,88,18:40:07,Urologia
17/03/2024,140-28-2291,Y Neame,16:29:00,38.4,165,74,18:51:49,Dermatologia
13/09/2024,170-62-0653,S Trevain,18:47:00,39.2,164,77,20:11:34,Oncologia
24/05/2024,722-52-9830,K Arguile,07:55:00,39.3,92,69,08:28:15,Neumologia
23/09/2024,214-51-6611,A Rivitt,21:45:00,39.4,108,70,23:40:08,Oncologia
24/10/2023,573-40-2464,Z Elmar,22:16:00,39.5,147,99,23:01:44,Dermatologia
28/03/2024,618-22-6988,W Coite,15:38:00,36.5,91,73,17:16:32,Pediatria
30/05/2023,787-63-5091,U Haccleton,05:50:00,35.6,122,95,07:30:43,Neumologia
13/03/2024,284-23-4071,W Keasley,16:29:00,36.6,99,94,16:32:43,Endocrinologia
3/09/2023,754-28-0977,L Joul,14:07:00,38.1,158,77,16:11:04,Oftalmologia
2/06/2024,252-20-2215,O Spain-Gower,12:38:00,37.2,112,104,12:44:51,Dermatologia
5/05/2024,190-02-7429,X Semrad,20:55:00,36.5,106,74,23:50:53,Gastroenterologia
9/11/2023,559-67-0354,H Agron,11:58:00,37.5,156,64,14:24:26,Gastroenterologia
26/03/2024,359-44-3613,S Lafflin,21:21:00,38.3,166,107,22:57:12,Ginecologia
1/04/2024,405-16-6690,A Russam,03:36:00,38.1,125,64,03:41:30,Pediatria
28/03/2024,167-67-7087,E Hardaway,05:25:00,35.8,145,104,05:40:27,Oncologia
4/06/2023,536-05-9082,E Gepheart,07:23:00,39.2,110,82,08:09:40,Endocrinologia
27/07/2023,776-20-3570,H Grigoliis,02:13:00,37.9,102,88,04:44:57,Urologia
26/06/2024,799-68-0713,D Bamlett,08:09:00,38.7,116,102,10:36:18,Oncologia
20/09/2024,693-48-7205,B Smalridge,03:41:00,38.4,114,109,05:52:06,Pediatria
6/05/2024,202-47-7663,G Scarrott,04:47:00,36.4,123,73,07:09:11,Traumatologia
11/06/2024,826-42-1468,L Mildenhall,16:45:00,36.6,120,64,16:58:32,Gastroenterologia
24/05/2023,393-79-0957,R Casellas,04:18:00,39.5,129,84,07:13:48,Pediatria
29/07/2023,278-22-0214,C Cleeves,01:50:00,39.3,131,70,03:07:19,Pediatria
27/07/2024,509-75-2008,W Flaherty,04:45:00,36.7,116,79,06:40:24,Traumatologia
2/04/2024,134-48-7705,U Noen,01:20:00,38.4,94,80,02:57:36,Ginecologia
31/10/2023,241-68-0418,N MacDowal,11:49:00,36.1,116,96,13:02:50,Neumologia
17/03/2024,733-47-2290,I Blackhurst,12:41:00,39,147,84,14:35:07,Urologia
7/10/2023,834-26-3667,M Renhard,21:45:00,35.9,121,68,21:58:34,Gastroenterologia
6/05/2024,234-53-3039,T Brilleman,17:11:00,37.8,103,77,19:57:19,Pediatria
2/07/2024,492-55-5790,X Shorland,18:02:00,39.9,134,86,19:41:39,Ginecologia
27/10/2023,858-87-1119,J Menelaws,17:14:00,36.3,127,97,17:22:03,Cardiologia
4/05/2024,809-51-1881,C Hollindale,21:30:00,38.4,95,79,23:42:52,Geriatria
29/05/2023,811-13-0849,J Hover,08:00:00,36.1,127,96,09:13:44,Geriatria
10/09/2023,827-11-0047,Y Hatherleigh,07:28:00,35.6,111,103,08:55:43,Traumatologia
30/05/2023,263-91-2295,U Millions,20:56:00,39,141,74,23:19:50,Pediatria
14/06/2024,345-80-7659,C Goggins,03:43:00,37.4,97,96,05:26:30,Neumologia
28/07/2023,110-18-6737,V Pimerick,04:22:00,38.9,115,103,07:16:50,Urologia
15/04/2024,412-11-8092,S Reid,05:04:00,40,151,80,06:31:16,Dermatologia
27/10/2023,394-03-8280,F Allport,04:16:00,36.3,175,73,06:13:32,Urologia
12/04/2024,527-45-1421,J Bundy,04:25:00,38.5,141,108,06:36:57,Dermatologia
23/09/2024,480-22-9841,U Wrefford,18:59:00,37.5,102,75,19:23:22,Dermatologia
25/06/2024,228-33-1858,K Sharrier,18:20:00,35.7,139,90,18:50:38,Gastroenterologia
10/04/2023,526-56-4625,G Dreinan,13:30:00,37.1,133,96,15:34:08,Pediatria
19/04/2024,819-70-1506,O De Vere,03:01:00,37.9,147,83,03:07:53,Endocrinologia
21/09/2023,262-59-2169,U Stickins,04:20:00,37.2,92,93,05:49:42,Dermatologia
26/05/2024,207-15-4815,O Brattan,06:51:00,36.1,135,100,08:15:14,Gastroenterologia
21/08/2023,513-36-1037,Z Branchflower,02:28:00,36.4,161,64,05:16:52,Dermatologia
6/10/2023,245-93-1809,T McGurn,00:16:00,35.9,140,77,01:27:57,Dermatologia
24/07/2024,131-12-7088,X Fri,04:06:00,35.7,140,98,06:31:38,Pediatria
3/09/2023,325-46-8339,M Gierke,20:50:00,38,139,92,21:02:44,Neumologia
4/06/2024,304-49-6840,J O' Ronan,21:07:00,38.4,142,81,23:09:28,Ginecologia
8/09/2023,210-95-8263,Q Simon,15:00:00,36.6,93,73,15:23:41,Oncologia
23/05/2024,203-79-1155,S Impett,03:04:00,37.5,134,83,05:51:05,Geriatria
28/10/2023,688-49-5453,N Augie,19:31:00,36.7,104,82,20:50:22,Neumologia
13/06/2024,443-92-1671,W Fatharly,03:12:00,37.4,134,70,04:51:05,Ginecologia
12/09/2023,125-27-8454,N Seeney,13:18:00,38.9,123,87,14:54:24,Oftalmologia
30/05/2024,387-40-4388,K Cruise,06:44:00,38.8,100,61,07:09:30,Geriatria
11/09/2024,437-92-3747,K Pedwell,16:41:00,36.6,121,67,19:31:20,Neumologia
5/06/2024,122-98-5232,C Lambis,23:07:00,37.5,132,91,23:35:05,Pediatria
31/10/2023,789-37-2567,S De Gregario,07:28:00,37.3,150,107,08:26:28,Neumologia
25/07/2023,159-15-1286,B Morant,06:17:00,38.2,162,106,07:58:34,Ginecologia
3/06/2023,218-83-3717,V Goodred,16:49:00,39.8,131,85,19:19:56,Neumologia
13/10/2023,522-18-4466,O Dickerson,11:40:00,35.7,145,94,13:42:46,Ginecologia
15/10/2023,781-05-2472,Q Baird,21:18:00,37.8,142,90,22:51:54,Oftalmologia
24/06/2024,221-75-5469,Q Trudgeon,03:34:00,37.5,102,64,04:03:52,Pediatria
14/05/2024,708-91-2439,S Renals,21:43:00,38.8,133,93,23:07:12,Cardiologia
10/09/2023,272-26-4065,W Girodon,21:05:00,36,164,108,21:18:22,Dermatologia
1/04/2024,100-34-9587,U Lamburn,04:17:00,35.8,94,91,05:21:56,Dermatologia
23/04/2024,229-70-7425,Y Whatson,21:43:00,39.1,92,99,23:53:32,Endocrinologia
3/07/2024,853-59-3857,C Hakking,12:30:00,35.7,166,96,13:59:33,Urologia
8/08/2023,252-57-4638,P Wanka,03:50:00,37.6,157,101,04:21:44,Urologia
15/03/2024,535-53-1709,H Corneil,19:54:00,37.9,136,80,22:12:02,Neumologia
18/06/2024,506-11-6490,S Norwood,00:00:00,35.9,136,100,01:20:37,Geriatria
19/04/2024,592-41-3656,X Allard,16:42:00,38,139,101,19:13:35,Dermatologia
24/10/2023,873-50-3555,Y Morales,03:22:00,38.8,110,72,06:05:08,Traumatologia
19/05/2024,457-95-6519,Z Betancourt,01:09:00,37.7,141,76,03:21:41,Geriatria
28/06/2024,226-92-3412,G Antoniak,23:12:00,35.6,100,90,23:16:08,Ginecologia
18/06/2024,404-79-6616,H Malyon,01:38:00,36.7,163,109,02:50:55,Endocrinologia
28/10/2023,590-93-6696,S Guislin,20:37:00,38,101,107,22:21:21,Oftalmologia
16/04/2024,161-12-2015,Z De Bischof,10:31:00,38.9,132,60,10:36:08,Oftalmologia
10/04/2023,136-16-3393,U Carswell,08:45:00,39.3,109,64,10:59:43,Ginecologia
7/09/2023,886-50-8533,R Kellart,09:23:00,39.2,174,106,10:40:49,Geriatria
7/10/2023,330-63-0627,U Beasant,07:36:00,37.4,117,75,10:08:25,Geriatria
21/09/2023,800-68-0100,X Crier,04:47:00,36.9,163,71,06:13:29,Pediatria
7/10/2023,646-02-1854,R Beasant,10:33:00,38.4,93,72,13:10:31,Cardiologia
31/03/2024,201-47-2627,K Harrowing,20:13:00,36.4,137,98,21:53:09,Neumologia
5/10/2023,649-17-7342,D Klossmann,04:08:00,36.6,167,98,04:20:29,Oncologia
24/10/2023,220-33-1376,T Holtom,02:10:00,37.7,93,67,02:51:42,Ginecologia
8/05/2024,182-98-4289,U McKerlie,07:22:00,36.6,121,69,08:50:12,Gastroenterologia
14/09/2023,633-85-2019,R Mandal,19:14:00,38.4,110,80,21:36:56,Oncologia
24/10/2023,103-73-6870,Q Pickston,00:03:00,38.8,133,71,00:50:41,Ginecologia
18/03/2024,888-79-4244,V Stood,11:19:00,38.1,145,82,12:56:05,Oftalmologia
31/10/2023,303-87-6258,S Sandom,17:38:00,38.4,120,78,20:02:32,Dermatologia
13/06/2024,850-66-6683,Z MacKenny,20:12:00,36.3,95,106,22:32:01,Dermatologia
24/05/2024,838-42-4633,C Dassindale,16:27:00,36.4,120,60,17:28:42,Oncologia
7/11/2023,291-44-0132,I Attrey,05:34:00,38.4,166,107,07:38:23,Oncologia
28/08/2023,556-89-9725,D Soane,20:07:00,35.6,151,79,20:37:01,Pediatria
29/04/2024,311-60-5245,E Boc,19:12:00,38.6,134,79,19:54:02,Ginecologia
30/07/2023,496-34-7420,A Corbally,21:12:00,38.3,102,76,23:00:10,Urologia
5/05/2024,142-27-8439,E Braam,14:23:00,37.9,104,97,15:53:18,Gastroenterologia
28/03/2024,604-58-1481,K Ianetti,13:38:00,39.4,151,93,14:50:19,Oftalmologia
18/05/2024,386-77-8317,Z Mumbray,09:32:00,39.5,115,67,10:01:05,Gastroenterologia
31/05/2023,791-17-1830,R Klewer,17:02:00,37.8,111,87,19:49:45,Gastroenterologia
8/09/2023,393-76-3342,U Wisbey,08:52:00,39.1,133,107,10:00:37,Dermatologia
7/08/2023,600-74-3535,X Cammish,02:22:00,35.6,167,63,03:19:35,Traumatologia
27/04/2024,299-03-0225,A Riddett,16:08:00,36.9,116,96,18:34:08,Oftalmologia
13/06/2024,557-63-9631,G Chadbourne,04:34:00,35.5,126,65,05:06:56,Cardiologia
4/11/2023,419-73-6058,Z Beade,17:55:00,36.8,129,65,20:38:21,Gastroenterologia
3/06/2023,759-40-6832,K Luparto,14:37:00,37.7,132,88,17:18:12,Endocrinologia
12/09/2023,518-20-7295,I Birkin,00:39:00,39.5,97,72,02:49:46,Endocrinologia
14/04/2024,178-58-4180,I Ingold,14:28:00,36.6,175,62,16:01:44,Dermatologia
25/05/2024,743-74-5565,G Pattullo,20:59:00,38.7,131,102,22:03:44,Geriatria
2/08/2023,154-08-4257,X Coventon,12:59:00,36.9,175,75,14:20:32,Gastroenterologia
29/06/2024,651-29-6896,N Birdwhistell,03:09:00,36.9,165,108,04:06:34,Pediatria
9/10/2023,744-89-1379,T Smithies,03:03:00,39.8,168,77,05:41:40,Gastroenterologia
17/05/2024,515-64-2739,U Doggerell,19:26:00,38,110,79,19:52:18,Oftalmologia
10/10/2023,698-56-3363,F Peregrine,08:53:00,36.3,162,70,11:03:59,Pediatria
1/09/2023,770-95-4240,C McCleverty,01:58:00,37.5,144,72,03:02:53,Dermatologia
3/11/2023,226-88-9164,M Scholcroft,17:34:00,39.7,125,71,17:52:08,Neumologia
10/09/2023,793-79-7063,O Cunnell,04:04:00,35.7,95,101,05:54:49,Geriatria
30/09/2023,732-68-6339,X Gianni,01:30:00,38.3,108,83,03:21:10,Cardiologia
3/09/2023,898-98-4823,H Klais,16:29:00,37,165,60,18:27:34,Traumatologia
26/09/2023,633-19-4670,I Sultan,00:13:00,36.7,90,80,02:51:38,Geriatria
4/11/2023,535-11-6522,D D'Ambrosi,19:45:00,35.8,131,70,20:21:32,Cardiologia
25/09/2023,803-63-0438,P Briatt,21:23:00,39.4,121,97,23:33:06,Urologia
6/10/2023,487-45-9169,L Bartelet,13:41:00,37.4,179,95,14:57:48,Ginecologia
20/05/2024,260-99-9033,E Gon,10:33:00,35.5,168,73,11:41:01,Geriatria
14/04/2024,341-75-1961,M Birkenshaw,14:31:00,36.5,118,70,16:42:50,Neumologia
28/07/2024,553-72-9772,Y Jasik,19:07:00,35.9,166,64,20:20:25,Neumologia
28/08/2023,861-21-2134,E Waterson,04:39:00,37.7,147,89,06:00:13,Endocrinologia
12/04/2024,454-42-3319,O Kneaphsey,15:04:00,38.5,138,83,15:50:20,Oftalmologia
20/09/2023,821-01-1065,X Kimbly,06:19:00,37.9,112,78,08:14:12,Neumologia
11/03/2024,762-01-0784,Q Brocks,13:07:00,37.3,142,72,13:30:40,Gastroenterologia
13/09/2024,624-24-6189,Y Jennemann,18:07:00,38.8,170,87,18:08:54,Endocrinologia
8/05/2024,708-79-4106,T Chasle,17:35:00,35.8,171,107,18:57:22,Geriatria
15/08/2023,648-27-9691,J Casini,06:56:00,38.7,172,93,07:29:58,Urologia
7/04/2024,237-96-9260,K Stiant,18:02:00,36.9,140,94,18:33:32,Endocrinologia
23/09/2023,472-79-7036,S Okell,08:02:00,35.6,169,67,08:53:07,Cardiologia
4/06/2023,560-89-7239,A Orringe,14:20:00,39.1,161,76,16:05:53,Urologia
28/07/2024,107-22-3380,O Cottrill,11:59:00,37.4,145,86,14:43:41,Pediatria
14/09/2024,698-73-6142,R Lamberteschi,09:45:00,38.9,119,62,11:03:23,Geriatria
24/06/2024,710-15-9516,N Cardow,15:48:00,36.1,104,89,16:39:48,Gastroenterologia
15/04/2023,186-99-6396,T Szepe,10:05:00,39.4,91,75,12:36:05,Geriatria
7/04/2024,161-21-7511,W Beadles,02:48:00,36.7,174,62,05:22:37,Cardiologia
25/10/2023,719-12-1585,J Woltering,20:45:00,38.3,121,100,20:53:46,Traumatologia
11/06/2024,102-20-6596,V Asson,19:06:00,39.2,136,82,19:50:56,Oftalmologia
8/05/2024,789-21-6607,I Moulster,15:53:00,36.1,155,60,18:05:11,Endocrinologia
13/06/2024,334-62-9552,X Butterick,16:50:00,39.9,92,71,17:46:46,Geriatria
5/11/2023,241-87-1317,I Tumasian,14:48:00,39.1,112,73,17:08:34,Endocrinologia
1/11/2023,631-58-0524,I Antliff,19:20:00,35.6,132,106,21:21:40,Pediatria
1/09/2023,382-23-5205,G Cyples,20:41:00,38.9,120,94,20:51:25,Ginecologia
29/07/2024,275-36-1151,C Tumilson,20:34:00,35.6,125,101,21:56:46,Cardiologia
23/09/2023,462-49-7342,E Kohneke,04:02:00,39,112,106,05:04:49,Ginecologia
31/05/2024,539-18-5390,W Dautry,19:56:00,38.6,155,83,21:24:36,Urologia
17/04/2024,536-06-9507,K Kezar,14:22:00,37.3,164,68,16:33:12,Gastroenterologia
10/04/2023,133-59-5051,V Conrad,19:02:00,37.5,98,91,20:32:38,Cardiologia
29/09/2023,633-04-8648,M Paolino,05:57:00,37.5,123,78,06:56:45,Gastroenterologia
27/07/2024,866-31-3592,T Colegate,12:53:00,36.4,122,72,13:15:36,Ginecologia
2/06/2023,446-34-2838,G Uttley,16:07:00,37,121,93,17:52:11,Cardiologia
20/09/2023,440-96-6453,Q Artindale,02:44:00,39,166,82,05:31:42,Cardiologia
26/05/2024,240-81-9498,T Dodell,03:00:00,36.7,135,102,03:27:38,Neumologia
21/06/2024,410-34-9359,G Francescotti,10:26:00,38.6,163,86,11:21:14,Oftalmologia
1/09/2023,155-67-7834,G Guerrazzi,17:34:00,39.4,120,106,19:22:40,Ginecologia
29/09/2023,891-04-3560,V Greaser,04:58:00,37.2,91,101,06:01:50,Gastroenterologia
15/05/2024,252-05-5600,N Deaton,05:46:00,36.7,109,96,07:39:02,Ginecologia
14/08/2023,281-46-2340,F Patel,20:53:00,38.3,121,107,23:04:31,Traumatologia
13/06/2024,308-38-1759,I Oliveira,20:52:00,37.7,94,96,23:46:33,Oftalmologia
3/08/2023,542-95-0022,F Rosson,21:52:00,37.1,130,73,23:16:17,Pediatria
5/04/2024,156-47-1692,G Branton,07:12:00,37.4,166,87,07:52:57,Gastroenterologia
22/06/2024,703-85-9077,O Chezier,19:36:00,37,125,86,20:07:41,Endocrinologia
25/10/2023,586-75-2106,N Lumsdaine,23:31:00,38.9,98,108,23:42:37,Ginecologia
3/04/2024,697-61-8367,B Meeking,19:53:00,35.8,149,92,22:11:36,Neumologia
24/05/2024,790-73-9010,U Dumini,06:36:00,37.1,144,63,07:01:24,Geriatria
31/10/2023,832-51-2130,Z Abelwhite,11:53:00,36.5,178,65,14:34:50,Geriatria
7/05/2024,229-11-5846,C Borg,05:41:00,37.7,122,101,08:03:32,Ginecologia
28/10/2023,350-10-0311,E Ahlin,13:49:00,36.2,144,106,13:55:25,Oncologia
26/06/2024,620-60-2232,B Carress,08:07:00,39.4,162,90,09:06:58,Oftalmologia
2/11/2023,456-44-1674,J Benyon,04:33:00,35.5,175,68,04:38:55,Dermatologia
31/05/2024,208-78-8201,M Kitchiner,01:55:00,37.1,150,62,03:33:09,Pediatria
28/05/2024,825-41-8889,X Regnard,22:51:00,38.2,123,72,22:56:20,Traumatologia
23/06/2024,414-69-2236,T Bolens,17:01:00,39.8,133,90,19:32:31,Traumatologia
9/10/2023,323-13-0778,T O'Luney,11:56:00,36,149,108,13:55:17,Endocrinologia
29/05/2024,349-86-9740,L Withnall,18:23:00,36.3,165,74,21:00:01,Traumatologia
4/11/2023,783-71-2901,Y Prandy,08:17:00,38.3,170,95,08:25:50,Geriatria
20/03/2024,219-43-4614,O Buncombe,14:56:00,38,173,61,17:36:51,Urologia
7/10/2023,789-18-7648,P Battrum,05:09:00,38.6,95,100,07:32:13,Cardiologia
3/04/2024,356-33-9826,D Depka,13:24:00,36.9,118,88,14:12:24,Gastroenterologia
30/05/2023,880-24-0836,P Wais,02:40:00,39.3,116,72,05:02:08,Neumologia
29/06/2024,691-32-3373,C Marzello,19:17:00,36,135,103,22:01:24,Neumologia
14/04/2024,392-38-0122,O Grigoriev,05:39:00,37,167,78,05:46:42,Dermatologia
26/03/2024,729-02-7030,M Satch,18:38:00,35.5,136,88,18:53:39,Neumologia
1/06/2023,703-55-3364,H Hickeringill,07:48:00,35.9,112,79,10:39:05,Traumatologia
17/04/2024,851-59-7488,H O'Corrin,14:12:00,39.9,143,61,15:16:23,Oftalmologia
15/04/2024,413-62-4921,R Walsham,05:26:00,35.7,91,86,07:04:40,Geriatria
27/09/2023,155-49-8625,B Bunney,01:01:00,39.3,176,61,01:10:03,Endocrinologia
12/09/2024,576-52-5777,C Carratt,00:53:00,37.8,133,61,03:16:37,Gastroenterologia
7/06/2024,195-28-0811,M Winkett,16:00:00,37.7,177,76,16:20:42,Oftalmologia
24/05/2023,442-31-5916,T Oatley,17:06:00,39.1,118,107,18:44:22,Traumatologia
29/10/2023,682-49-1467,Z Christofol,05:09:00,39.9,129,66,07:56:32,Traumatologia
5/05/2024,425-31-8542,K Louedey,21:48:00,35.7,115,94,23:36:41,Geriatria
9/10/2023,595-85-8863,N Rickersey,21:38:00,37.4,142,106,23:19:47,Urologia
26/05/2024,753-46-2250,O Carpe,07:43:00,37.9,124,81,10:27:03,Urologia
16/05/2024,459-94-5715,W Lammerts,00:42:00,38.3,134,81,01:25:34,Urologia
6/10/2023,346-22-5485,A Roland,08:37:00,36.6,108,71,10:52:46,Urologia
21/06/2024,499-85-7483,D Baudon,19:15:00,36.6,110,74,22:08:12,Gastroenterologia
27/04/2024,102-54-1653,J Mowson,02:32:00,35.7,163,73,03:30:20,Urologia
30/09/2023,824-08-2119,N Hing,20:42:00,36.7,118,77,21:55:40,Ginecologia
27/04/2024,399-39-3052,I Klosterman,11:28:00,36.9,154,65,14:05:58,Neumologia
29/06/2024,568-73-9574,Z Robuchon,17:17:00,37.7,130,102,20:04:21,Ginecologia
26/05/2024,305-33-2562,G Waring,21:30:00,37,93,75,22:45:16,Cardiologia
8/06/2023,813-71-9872,A Lewton,12:34:00,36.7,140,70,15:19:04,Dermatologia
7/06/2024,710-62-0164,M Maffin,19:52:00,37.1,176,73,21:53:24,Neumologia
14/09/2024,237-06-2675,G Kristof,07:33:00,35.8,142,68,10:06:37,Geriatria
30/05/2023,685-54-9380,I Turmel,03:24:00,36.5,147,77,05:25:29,Oftalmologia
3/04/2024,507-75-5145,C Guite,08:19:00,38.5,165,61,09:11:26,Oncologia
9/05/2024,746-61-3845,G Menhenitt,07:25:00,39.4,168,103,10:01:51,Ginecologia
26/05/2024,649-24-1146,A Gwyllt,15:25:00,37.1,109,103,17:14:59,Gastroenterologia
31/07/2023,341-60-5841,N Auletta,21:46:00,38.5,120,81,23:23:54,Traumatologia
20/05/2024,161-11-8631,Z Stanlock,07:14:00,36.4,154,74,08:53:58,Ginecologia
8/05/2024,769-35-5567,H Decourt,02:32:00,35.6,153,105,03:34:34,Dermatologia
25/10/2023,177-46-1546,N Phippen,22:08:00,37.7,166,69,23:50:09,Geriatria
31/05/2023,461-43-8162,X Beetlestone,19:53:00,36.7,105,60,22:42:24,Traumatologia
4/08/2023,579-48-1437,L Castells,22:45:00,37,141,89,23:23:53,Geriatria
25/08/2023,840-94-1929,B Guyonnet,19:26:00,37.2,96,88,19:58:35,Oftalmologia
13/04/2024,752-94-8310,V Soar,12:14:00,39.6,96,66,13:01:45,Dermatologia
3/06/2023,844-21-7153,E Gaskamp,21:06:00,35.8,153,77,23:37:38,Oncologia
16/05/2024,462-93-4459,Q O'Henehan,19:15:00,39.8,94,90,22:03:53,Oncologia
6/10/2023,823-01-8165,G Stollard,13:49:00,37,157,90,14:58:50,Oftalmologia
5/05/2024,388-20-5957,F Kirkman,15:45:00,38.5,176,106,17:40:28,Oncologia
1/10/2023,241-06-7024,E Cutress,15:44:00,39.7,110,80,18:00:47,Gastroenterologia
9/04/2024,770-82-7913,N Longworth,13:10:00,39.9,101,61,15:27:49,Ginecologia
11/10/2023,410-24-9561,A Sayse,11:43:00,37.4,99,75,12:52:37,Pediatria
26/06/2024,648-17-3878,G Penkman,18:51:00,37.4,151,76,21:30:43,Gastroenterologia
7/06/2024,141-47-3493,Y Whardley,00:25:00,36.3,124,95,00:58:34,Gastroenterologia
1/06/2023,478-89-5652,G Delph,00:57:00,38.2,101,87,02:49:23,Cardiologia
25/04/2024,649-31-5134,C Stoggell,08:54:00,35.5,119,83,10:25:10,Traumatologia
25/06/2024,258-91-3638,Z Reeves,12:47:00,37.8,103,77,15:30:26,Ginecologia
5/11/2023,541-90-8828,P Stoop,14:50:00,36.2,107,62,15:00:56,Urologia
27/07/2024,754-98-4218,G Varian,02:25:00,39.4,137,94,04:48:32,Endocrinologia
19/06/2024,208-57-1411,Q Oxherd,21:40:00,36.5,154,82,21:54:34,Oncologia
25/04/2024,152-15-6583,N Stratley,07:20:00,37.7,118,96,08:52:27,Gastroenterologia
17/05/2024,172-61-8782,F Rochewell,07:19:00,36.6,124,95,09:29:32,Oncologia
12/03/2024,372-64-7580,M Iskow,11:35:00,35.7,179,62,12:03:59,Cardiologia
24/06/2024,398-34-3572,X Mouncey,17:48:00,38.4,136,61,18:37:46,Neumologia
7/06/2023,490-32-7822,F Zucker,15:13:00,38.5,160,74,15:24:26,Endocrinologia
27/09/2023,148-71-3350,C Clute,19:01:00,39.3,108,106,21:05:21,Dermatologia
29/05/2024,883-97-1220,D D'Oyley,10:35:00,39.4,103,81,12:19:50,Gastroenterologia
23/03/2024,553-38-9596,T Rojel,09:45:00,36.6,146,100,10:20:04,Urologia
10/10/2023,186-95-9617,F Hissie,12:21:00,40,163,92,13:53:10,Oftalmologia
16/05/2024,454-18-7910,S Pawellek,12:34:00,37.2,97,88,12:51:34,Urologia
14/06/2024,470-65-1385,T Davidowsky,18:44:00,38.9,156,62,19:20:51,Endocrinologia
25/10/2023,296-59-2745,Q Koppel,14:18:00,36.4,99,92,16:33:13,Geriatria
28/03/2024,337-54-0640,N Skeech,06:24:00,39.8,137,70,08:53:29,Geriatria
9/04/2024,213-44-8981,X Lebang,17:45:00,36,149,69,20:44:21,Neumologia
25/10/2023,771-06-1894,D Blind,18:31:00,39.4,160,97,18:51:38,Cardiologia
13/09/2023,120-58-8955,N Grayling,05:30:00,38,127,63,05:47:04,Ginecologia
20/03/2024,337-26-9688,S Eede,05:57:00,39,118,78,07:22:34,Geriatria
21/06/2024,146-55-5490,R Jost,15:20:00,36.9,114,60,17:58:41,Oftalmologia
28/06/2024,495-27-5086,K Rodders,12:49:00,38.8,95,104,14:25:38,Cardiologia
4/11/2023,281-37-9635,E Minors,08:41:00,36,151,62,11:36:08,Endocrinologia
24/05/2023,623-43-0277,H Gilford,19:17:00,35.7,171,72,23:43:26,Oftalmologia
7/06/2023,791-74-3814,H Crammy,11:37:00,39.9,177,88,13:10:47,Gastroenterologia
8/05/2024,551-80-9262,K Deelay,16:46:00,37,143,66,17:25:23,Neumologia
18/09/2023,408-41-7059,K Kilpin,21:48:00,37.9,107,107,23:40:24,Pediatria
19/09/2024,403-72-3420,Y Hallihan,00:21:00,36.9,120,99,01:04:35,Traumatologia
23/06/2024,304-40-2890,U Grattage,22:31:00,35.9,96,87,23:00:25,Oftalmologia
29/09/2023,473-28-7174,V Merigon,21:40:00,39,134,100,23:08:56,Cardiologia
11/06/2024,659-59-5114,Y Oakden,07:25:00,35.5,164,88,10:16:36,Ginecologia
2/08/2023,401-62-1630,W Balassa,11:01:00,38.8,125,105,11:53:32,Urologia
6/06/2023,160-71-8820,M Waddoups,00:48:00,39.1,131,70,03:47:38,Oncologia
9/10/2023,742-99-7117,Q Sacase,11:43:00,39.7,156,60,14:41:01,Oftalmologia
27/06/2024,314-59-3768,L Ragsdale,16:24:00,39,141,60,18:53:42,Neumologia
3/09/2023,514-02-3855,B Winterbourne,16:09:00,36.2,156,79,17:59:50,Neumologia
18/03/2024,507-05-2603,S Byllam,04:58:00,37.2,158,80,07:12:10,Urologia
30/05/2023,155-92-4223,I Sheppey,20:05:00,39,142,100,21:25:42,Pediatria
9/11/2023,229-85-2969,K Najera,10:04:00,36.7,162,88,11:31:04,Ginecologia
3/11/2023,445-98-3362,N Ebertz,18:04:00,38,149,90,20:03:04,Traumatologia
25/08/2023,639-06-6643,Q Mostin,18:31:00,37.8,91,95,19:36:33,Endocrinologia
14/09/2023,485-50-9095,O Rogers,08:39:00,35.7,141,86,10:49:59,Geriatria
28/05/2024,780-44-8461,K Caudelier,11:08:00,40,146,100,12:25:47,Geriatria
4/11/2023,370-30-5916,C Slafford,05:27:00,36.3,152,63,08:19:11,Cardiologia
27/06/2024,876-08-4748,C Stonier,16:47:00,38.2,179,69,19:23:38,Oncologia
4/11/2023,223-22-7407,L Trewett,17:35:00,39.2,93,100,18:23:43,Ginecologia
23/03/2024,533-95-7610,G Jendrach,01:01:00,37.3,116,66,01:25:32,Oftalmologia
23/10/2023,652-95-2118,M Proffitt,22:58:00,39,166,86,23:57:26,Traumatologia
9/10/2023,230-72-4802,X Beniesh,08:31:00,39.4,171,106,09:02:33,Urologia
20/05/2024,384-90-4175,P Quickfall,18:52:00,38.4,114,91,20:38:27,Endocrinologia
24/06/2024,859-69-2931,Q Broose,17:30:00,38.8,157,78,19:39:19,Neumologia
16/09/2024,359-09-1937,A Garioch,16:36:00,37,140,92,17:42:14,Dermatologia
11/03/2024,383-99-2729,P Waymont,08:36:00,38.7,119,70,10:53:56,Oncologia
