1001,Dota 2,MOBA,90.7,77.7,COMPLETED
1001,The Sims 4,Simulation,29.5,10.0,ABANDONED
1001,Tekken 8,Fighting,239.9,27.7,PLAYING
1002,Cyberpunk 2077,Action RPG,428.7,47.6,PLAYING
1002,Stardew Valley,Simulation,3.5,28.7,ABANDONED
1002,Monster Hunter Wilds,Action RPG,211.2,78.7,COMPLETED
1005,Street Fighter 6,Fighting,149.5,72.8,COMPLETED
1005,Dota 2,MOBA,233.7,80.2,COMPLETED
1005,Monster Hunter Wilds,Action RPG,24.0,6.3,ABANDONED
1007,Fortnite,Battle Royale,551.6,12.6,PLAYING
1007,Counter-Strike 2,Tactical Shooter,0.2,3.7,BACKLOG
1008,Stardew Valley,Simulation,229.8,57.5,COMPLETED
1008,EA Sports FC 26,Sports,85.6,80.5,COMPLETED
1008,Tekken 8,Fighting,87.2,99.3,COMPLETED
1009,EA Sports FC 26,Sports,201.1,69.7,PLAYING
1009,Monster Hunter Wilds,Action RPG,196.1,48.1,COMPLETED
1009,Valorant,Tactical Shooter,1.2,1.9,BACKLOG
1010,Elden Ring,Action RPG,183.5,21.8,PLAYING
1010,Monster Hunter Wilds,Action RPG,0.6,3.9,BACKLOG
1010,Roblox,Platform,366.8,80.4,PLAYING
1010,Dead by Daylight,Horror,1.5,1.2,BACKLOG
1010,Marvel Rivals,Hero Shooter,62.5,78.4,PLAYING
1011,Counter-Strike 2,Tactical Shooter,557.5,47.5,PLAYING
1011,GTA V,Open World,182.3,66.1,COMPLETED
1011,Elden Ring,Action RPG,308.4,53.9,PLAYING
1012,Hollow Knight Silksong,Metroidvania,214.6,74.7,COMPLETED
1012,Tekken 8,Fighting,1.2,0.4,BACKLOG
1012,Dota 2,MOBA,155.9,47.3,PLAYING
1013,EA Sports FC 26,Sports,114.6,68.9,PLAYING
1013,Minecraft,Sandbox,1.2,0.5,BACKLOG
1014,Street Fighter 6,Fighting,664.6,84.9,PLAYING
1015,Stardew Valley,Simulation,251.4,62.0,COMPLETED
1016,Monster Hunter Wilds,Action RPG,0.7,0.1,BACKLOG
1016,Baldurs Gate 3,RPG,632.1,73.6,PLAYING
1017,Hollow Knight Silksong,Metroidvania,57.6,49.5,COMPLETED
1017,Elden Ring,Action RPG,1.3,0.4,BACKLOG
1017,Roblox,Platform,95.9,77.1,COMPLETED
1017,Overwatch 2,Hero Shooter,36.8,83.2,PLAYING
1018,Fortnite,Battle Royale,10.1,11.5,ABANDONED
1018,Hades II,Roguelike,176.0,60.1,COMPLETED
1018,Roblox,Platform,0.2,4.2,BACKLOG
1018,Minecraft,Sandbox,35.9,67.4,COMPLETED
1018,Marvel Rivals,Hero Shooter,12.6,8.9,ABANDONED
1019,Hades II,Roguelike,1.3,3.6,BACKLOG
1019,Baldurs Gate 3,RPG,1.4,4.1,BACKLOG
1019,Roblox,Platform,0.3,4.2,BACKLOG
1019,Valorant,Tactical Shooter,669.9,15.9,PLAYING
1021,Minecraft,Sandbox,48.3,96.5,COMPLETED
1021,Roblox,Platform,0.1,3.6,BACKLOG
1021,EA Sports FC 26,Sports,150.7,50.1,COMPLETED
1021,Rocket League,Sports,29.5,23.1,ABANDONED
1022,Marvel Rivals,Hero Shooter,28.2,18.7,ABANDONED
1022,Roblox,Platform,178.3,33.7,PLAYING
1022,Hades II,Roguelike,161.4,89.3,PLAYING
1022,Valorant,Tactical Shooter,113.9,55.6,COMPLETED
1022,Counter-Strike 2,Tactical Shooter,0.1,1.3,BACKLOG
1023,Counter-Strike 2,Tactical Shooter,74.6,15.3,PLAYING
1025,Monster Hunter Wilds,Action RPG,0.3,4.7,BACKLOG
1025,Stardew Valley,Simulation,0.7,1.1,BACKLOG
1025,The Sims 4,Simulation,148.0,72.4,COMPLETED
1025,Counter-Strike 2,Tactical Shooter,43.1,77.4,COMPLETED
1027,Dead by Daylight,Horror,1.2,1.0,BACKLOG
1027,Baldurs Gate 3,RPG,245.1,68.5,PLAYING
1027,Valorant,Tactical Shooter,0.1,2.9,BACKLOG
1028,Stardew Valley,Simulation,248.2,86.7,COMPLETED
1028,Monster Hunter Wilds,Action RPG,177.3,61.3,PLAYING
1028,League of Legends,MOBA,235.7,69.8,COMPLETED
1028,Valorant,Tactical Shooter,12.0,10.2,ABANDONED
1028,GTA V,Open World,150.5,85.9,COMPLETED
1029,Minecraft,Sandbox,253.9,56.0,COMPLETED
1029,Helldivers 2,Coop Shooter,231.1,55.5,COMPLETED
1029,Hollow Knight Silksong,Metroidvania,650.0,67.2,PLAYING
1030,Monster Hunter Wilds,Action RPG,0.6,4.5,BACKLOG
1030,League of Legends,MOBA,193.8,69.1,COMPLETED
1030,Baldurs Gate 3,RPG,75.9,55.9,COMPLETED
1031,Helldivers 2,Coop Shooter,357.1,81.9,PLAYING
1031,Stardew Valley,Simulation,404.8,77.3,PLAYING
1031,Hollow Knight Silksong,Metroidvania,0.6,5.0,BACKLOG
1031,Counter-Strike 2,Tactical Shooter,15.8,72.1,COMPLETED
1031,Street Fighter 6,Fighting,219.3,60.3,COMPLETED
1032,Rocket League,Sports,28.0,9.2,ABANDONED
1032,Cyberpunk 2077,Action RPG,10.8,93.8,PLAYING
1033,Elden Ring,Action RPG,24.8,81.7,COMPLETED
1033,Rocket League,Sports,126.8,60.9,COMPLETED
1033,Cyberpunk 2077,Action RPG,27.6,27.4,ABANDONED
1033,Marvel Rivals,Hero Shooter,1.1,4.8,BACKLOG
1033,Dead by Daylight,Horror,97.1,48.2,COMPLETED
1035,Pokemon Legends Z-A,RPG,13.1,11.3,ABANDONED
1035,Cyberpunk 2077,Action RPG,240.0,17.6,PLAYING
1035,Stardew Valley,Simulation,501.5,25.7,PLAYING
1037,Baldurs Gate 3,RPG,1.2,1.7,BACKLOG
1037,Counter-Strike 2,Tactical Shooter,482.6,12.3,PLAYING
1037,Dota 2,MOBA,75.0,67.1,COMPLETED
1037,Minecraft,Sandbox,98.8,61.3,COMPLETED
1037,League of Legends,MOBA,249.1,66.5,COMPLETED
1040,Counter-Strike 2,Tactical Shooter,0.9,0.8,BACKLOG
1040,Elden Ring,Action RPG,0.4,0.1,BACKLOG
1040,Fortnite,Battle Royale,1.5,3.8,BACKLOG
1040,Overwatch 2,Hero Shooter,121.1,47.6,COMPLETED
1040,Rocket League,Sports,18.6,26.9,ABANDONED
1041,Rocket League,Sports,391.6,64.1,PLAYING
1041,Tekken 8,Fighting,131.1,93.6,COMPLETED
1043,Rocket League,Sports,1.1,3.6,BACKLOG
1043,Minecraft,Sandbox,28.5,8.9,ABANDONED
1043,Dota 2,MOBA,653.9,62.1,PLAYING
1043,Tekken 8,Fighting,262.9,21.7,PLAYING
1043,Elden Ring,Action RPG,117.3,79.3,COMPLETED
1046,Hollow Knight Silksong,Metroidvania,17.2,16.2,ABANDONED
1046,EA Sports FC 26,Sports,33.2,12.2,ABANDONED
1046,Baldurs Gate 3,RPG,22.8,15.8,ABANDONED
1048,Valorant,Tactical Shooter,55.4,69.7,PLAYING
1048,Minecraft,Sandbox,128.5,80.0,COMPLETED
1048,Overwatch 2,Hero Shooter,122.6,26.4,PLAYING
1048,Helldivers 2,Coop Shooter,0.4,0.6,BACKLOG
1049,Valorant,Tactical Shooter,0.5,4.4,BACKLOG
1049,Roblox,Platform,623.0,30.5,PLAYING
1049,Marvel Rivals,Hero Shooter,0.4,4.1,BACKLOG
1050,Monster Hunter Wilds,Action RPG,616.6,23.6,PLAYING
1050,Baldurs Gate 3,RPG,102.0,46.0,COMPLETED
1050,Marvel Rivals,Hero Shooter,260.4,80.3,PLAYING
1050,GTA V,Open World,427.7,76.4,PLAYING
1050,Cyberpunk 2077,Action RPG,185.9,64.3,PLAYING
1051,EA Sports FC 26,Sports,222.9,62.8,COMPLETED
1051,Pokemon Legends Z-A,RPG,192.1,92.1,COMPLETED
1051,Valorant,Tactical Shooter,412.4,82.6,PLAYING
1052,Street Fighter 6,Fighting,608.4,8.0,PLAYING
1052,Valorant,Tactical Shooter,0.7,4.8,BACKLOG
1052,Minecraft,Sandbox,131.0,89.9,COMPLETED
1052,Elden Ring,Action RPG,103.5,89.8,COMPLETED
1052,Hades II,Roguelike,26.9,9.8,ABANDONED
1053,Street Fighter 6,Fighting,461.8,27.8,PLAYING
1053,Dota 2,MOBA,1.3,1.3,BACKLOG
1054,Minecraft,Sandbox,75.2,91.6,COMPLETED
1054,Stardew Valley,Simulation,333.9,29.6,PLAYING
1054,Counter-Strike 2,Tactical Shooter,0.3,0.3,BACKLOG
1055,Cyberpunk 2077,Action RPG,47.2,55.2,PLAYING
1055,Tekken 8,Fighting,434.7,91.3,PLAYING
1056,League of Legends,MOBA,34.6,98.0,COMPLETED
1057,Monster Hunter Wilds,Action RPG,187.5,71.8,COMPLETED
1057,Hollow Knight Silksong,Metroidvania,238.4,55.6,COMPLETED
1057,Stardew Valley,Simulation,115.8,77.2,PLAYING
1057,Fortnite,Battle Royale,49.2,88.6,COMPLETED
1057,Dead by Daylight,Horror,1.3,3.0,BACKLOG
1060,Fortnite,Battle Royale,19.4,28.7,ABANDONED
1060,Dead by Daylight,Horror,504.8,73.6,PLAYING
1060,Dota 2,MOBA,88.4,47.3,COMPLETED
1060,Elden Ring,Action RPG,547.5,89.0,PLAYING
1060,Hollow Knight Silksong,Metroidvania,165.4,82.6,PLAYING
1061,Marvel Rivals,Hero Shooter,250.8,25.6,PLAYING
1061,Helldivers 2,Coop Shooter,17.9,56.3,PLAYING
1061,Street Fighter 6,Fighting,384.2,58.4,PLAYING
1061,The Sims 4,Simulation,122.7,7.4,PLAYING
1062,Dota 2,MOBA,18.1,20.2,PLAYING
1062,Counter-Strike 2,Tactical Shooter,398.5,55.6,PLAYING
1063,Stardew Valley,Simulation,0.4,1.7,BACKLOG
1063,Overwatch 2,Hero Shooter,349.9,55.7,PLAYING
1063,Pokemon Legends Z-A,RPG,562.8,11.8,PLAYING
1063,Baldurs Gate 3,RPG,76.2,54.6,COMPLETED
1063,Helldivers 2,Coop Shooter,464.8,40.3,PLAYING
1064,Monster Hunter Wilds,Action RPG,61.9,20.7,PLAYING
1064,Stardew Valley,Simulation,18.3,88.5,COMPLETED
1064,Tekken 8,Fighting,363.4,71.8,PLAYING
1065,Marvel Rivals,Hero Shooter,0.8,4.0,BACKLOG
1065,Dead by Daylight,Horror,45.8,51.2,COMPLETED
1065,Helldivers 2,Coop Shooter,1.4,1.8,BACKLOG
1065,League of Legends,MOBA,650.7,11.4,PLAYING
1065,Hollow Knight Silksong,Metroidvania,563.4,39.1,PLAYING
1066,Hades II,Roguelike,66.4,50.5,COMPLETED
1066,Counter-Strike 2,Tactical Shooter,258.5,32.1,PLAYING
1066,Hollow Knight Silksong,Metroidvania,89.6,79.1,PLAYING
1068,Helldivers 2,Coop Shooter,135.7,69.7,COMPLETED
1068,Pokemon Legends Z-A,RPG,82.3,51.2,COMPLETED
1069,Marvel Rivals,Hero Shooter,0.3,5.0,BACKLOG
1069,Elden Ring,Action RPG,127.4,33.4,PLAYING
1069,GTA V,Open World,92.1,79.5,COMPLETED
1069,Dota 2,MOBA,280.6,28.0,PLAYING
1070,Helldivers 2,Coop Shooter,25.6,28.9,ABANDONED
1070,Street Fighter 6,Fighting,532.8,20.3,PLAYING
1070,The Sims 4,Simulation,130.2,26.6,PLAYING
1070,Cyberpunk 2077,Action RPG,669.4,22.7,PLAYING
1070,Marvel Rivals,Hero Shooter,0.2,0.9,BACKLOG
1071,Street Fighter 6,Fighting,567.0,54.6,PLAYING
1071,Dota 2,MOBA,524.7,51.0,PLAYING
1072,Stardew Valley,Simulation,181.4,36.6,PLAYING
1072,Hollow Knight Silksong,Metroidvania,324.8,59.9,PLAYING
1073,GTA V,Open World,314.3,84.6,PLAYING
1073,Hollow Knight Silksong,Metroidvania,1.4,1.8,BACKLOG
1074,Hades II,Roguelike,533.3,79.5,PLAYING
1074,Pokemon Legends Z-A,RPG,210.5,71.2,PLAYING
1075,Overwatch 2,Hero Shooter,0.2,4.3,BACKLOG
1075,Rocket League,Sports,333.8,80.9,PLAYING
1075,Hollow Knight Silksong,Metroidvania,533.9,60.9,PLAYING
1076,GTA V,Open World,288.5,17.0,PLAYING
1076,Elden Ring,Action RPG,15.3,24.0,ABANDONED
1076,Counter-Strike 2,Tactical Shooter,431.5,22.2,PLAYING
1076,Baldurs Gate 3,RPG,238.4,8.9,PLAYING
1076,Rocket League,Sports,150.4,61.2,COMPLETED
1078,Fortnite,Battle Royale,25.6,24.8,PLAYING
1078,Valorant,Tactical Shooter,13.7,48.4,PLAYING
1078,The Sims 4,Simulation,88.6,32.3,PLAYING
1078,Monster Hunter Wilds,Action RPG,150.3,68.1,PLAYING
1079,Hades II,Roguelike,568.6,85.3,PLAYING
1079,League of Legends,MOBA,1.4,2.7,BACKLOG
1079,Counter-Strike 2,Tactical Shooter,21.1,5.0,ABANDONED
1079,Pokemon Legends Z-A,RPG,645.6,30.8,PLAYING
1080,Elden Ring,Action RPG,96.0,93.0,COMPLETED
1080,Hollow Knight Silksong,Metroidvania,28.4,15.9,ABANDONED
1080,Street Fighter 6,Fighting,188.4,90.4,COMPLETED
1080,Baldurs Gate 3,RPG,79.6,88.0,COMPLETED
1081,Pokemon Legends Z-A,RPG,1.4,2.0,BACKLOG
1081,The Sims 4,Simulation,645.4,69.3,PLAYING
1081,Street Fighter 6,Fighting,1.2,1.9,BACKLOG
1081,Minecraft,Sandbox,696.8,20.5,PLAYING
1081,Hollow Knight Silksong,Metroidvania,0.0,4.8,BACKLOG
1082,Valorant,Tactical Shooter,387.6,75.8,PLAYING
1082,The Sims 4,Simulation,63.7,27.7,PLAYING
1082,Tekken 8,Fighting,11.6,22.9,ABANDONED
1082,Minecraft,Sandbox,203.8,48.6,PLAYING
1082,Helldivers 2,Coop Shooter,235.1,81.3,COMPLETED
1083,Marvel Rivals,Hero Shooter,26.2,84.0,COMPLETED
1083,The Sims 4,Simulation,177.4,87.9,COMPLETED
1083,Dead by Daylight,Horror,2.4,13.0,ABANDONED
1083,EA Sports FC 26,Sports,238.0,78.0,PLAYING
1083,Tekken 8,Fighting,99.2,50.1,COMPLETED
1084,EA Sports FC 26,Sports,22.8,39.1,PLAYING
1084,Baldurs Gate 3,RPG,17.9,13.9,ABANDONED
1084,Street Fighter 6,Fighting,1.3,4.9,BACKLOG
1084,Hades II,Roguelike,142.5,91.1,COMPLETED
1085,Dead by Daylight,Horror,1.3,0.3,BACKLOG
1086,Overwatch 2,Hero Shooter,420.0,10.5,PLAYING
1086,Cyberpunk 2077,Action RPG,29.9,27.9,ABANDONED
1086,EA Sports FC 26,Sports,32.4,12.9,ABANDONED
1088,Overwatch 2,Hero Shooter,258.0,53.0,PLAYING
1088,Rocket League,Sports,13.4,13.9,ABANDONED
1088,Tekken 8,Fighting,250.5,90.9,COMPLETED
1088,Monster Hunter Wilds,Action RPG,0.4,3.4,BACKLOG
1088,Minecraft,Sandbox,12.9,26.6,ABANDONED
1089,Tekken 8,Fighting,680.7,59.5,PLAYING
1089,The Sims 4,Simulation,143.2,70.2,COMPLETED
1089,Valorant,Tactical Shooter,44.6,55.9,COMPLETED
1089,Helldivers 2,Coop Shooter,246.1,49.1,COMPLETED
1090,Hollow Knight Silksong,Metroidvania,44.3,86.7,COMPLETED
1090,GTA V,Open World,96.4,68.0,PLAYING
1090,Fortnite,Battle Royale,1.5,0.9,BACKLOG
1090,Baldurs Gate 3,RPG,241.6,68.2,COMPLETED
1091,EA Sports FC 26,Sports,37.3,78.4,COMPLETED
1093,GTA V,Open World,226.4,82.0,PLAYING
1093,Elden Ring,Action RPG,0.8,4.0,BACKLOG
1093,Monster Hunter Wilds,Action RPG,1.2,1.1,BACKLOG
1094,Roblox,Platform,1.2,0.5,BACKLOG
1094,Helldivers 2,Coop Shooter,568.0,32.0,PLAYING
1095,Roblox,Platform,54.1,80.0,COMPLETED
1095,Valorant,Tactical Shooter,20.0,3.4,ABANDONED
1095,Helldivers 2,Coop Shooter,353.8,50.5,PLAYING
1096,Tekken 8,Fighting,1.4,0.9,BACKLOG
1096,Fortnite,Battle Royale,0.2,4.0,BACKLOG
1096,Stardew Valley,Simulation,0.8,3.2,BACKLOG
1096,Counter-Strike 2,Tactical Shooter,27.6,11.1,ABANDONED
1098,Monster Hunter Wilds,Action RPG,165.6,61.9,COMPLETED
1098,Valorant,Tactical Shooter,16.7,17.6,ABANDONED
1098,Street Fighter 6,Fighting,0.9,0.3,BACKLOG
1099,GTA V,Open World,501.3,26.8,PLAYING
1099,Baldurs Gate 3,RPG,662.5,31.7,PLAYING
1099,Fortnite,Battle Royale,185.1,93.3,COMPLETED
1102,The Sims 4,Simulation,0.5,2.8,BACKLOG
1102,Roblox,Platform,175.0,53.7,COMPLETED
1102,Counter-Strike 2,Tactical Shooter,29.7,91.5,COMPLETED
1103,Dead by Daylight,Horror,227.0,52.7,COMPLETED
1103,Cyberpunk 2077,Action RPG,528.8,38.4,PLAYING
1104,Rocket League,Sports,484.7,82.7,PLAYING
1104,Stardew Valley,Simulation,510.7,55.9,PLAYING
1105,Roblox,Platform,463.7,80.8,PLAYING
1105,Street Fighter 6,Fighting,0.7,0.5,BACKLOG
1105,Marvel Rivals,Hero Shooter,0.5,0.9,BACKLOG
1105,Minecraft,Sandbox,0.2,0.2,BACKLOG
1106,Counter-Strike 2,Tactical Shooter,688.5,14.6,PLAYING
1106,Pokemon Legends Z-A,RPG,46.5,48.4,COMPLETED
1106,League of Legends,MOBA,157.1,76.4,COMPLETED
1106,Valorant,Tactical Shooter,36.1,30.9,PLAYING
1107,Elden Ring,Action RPG,428.1,53.4,PLAYING
1107,Valorant,Tactical Shooter,5.8,4.3,ABANDONED
1107,League of Legends,MOBA,146.1,70.2,COMPLETED
1108,The Sims 4,Simulation,230.4,53.2,COMPLETED
1108,Dota 2,MOBA,1.2,1.5,BACKLOG
1108,Fortnite,Battle Royale,28.5,56.1,COMPLETED
1109,Dota 2,MOBA,421.1,77.1,PLAYING
1109,Overwatch 2,Hero Shooter,114.2,25.5,PLAYING
1110,Minecraft,Sandbox,8.7,23.5,ABANDONED
1111,Hollow Knight Silksong,Metroidvania,133.5,83.2,COMPLETED
1111,GTA V,Open World,273.8,44.0,PLAYING
1111,Dota 2,MOBA,0.4,1.0,BACKLOG
1111,Marvel Rivals,Hero Shooter,222.8,84.0,COMPLETED
1111,Overwatch 2,Hero Shooter,0.7,2.0,BACKLOG
1112,League of Legends,MOBA,204.6,98.3,COMPLETED
1112,Pokemon Legends Z-A,RPG,569.6,22.4,PLAYING
1113,Dota 2,MOBA,0.5,0.9,BACKLOG
1113,Monster Hunter Wilds,Action RPG,440.0,21.9,PLAYING
1114,Overwatch 2,Hero Shooter,525.3,91.8,PLAYING
1114,EA Sports FC 26,Sports,652.7,5.6,PLAYING
1115,EA Sports FC 26,Sports,220.8,64.7,COMPLETED
1115,Marvel Rivals,Hero Shooter,251.4,27.6,PLAYING
1115,Baldurs Gate 3,RPG,12.2,1.3,ABANDONED
1116,Marvel Rivals,Hero Shooter,38.2,66.2,PLAYING
1116,Helldivers 2,Coop Shooter,0.2,4.9,BACKLOG
1116,Dota 2,MOBA,85.5,79.5,PLAYING
1116,Counter-Strike 2,Tactical Shooter,304.0,21.8,PLAYING
1116,Baldurs Gate 3,RPG,35.4,94.6,COMPLETED
1117,Elden Ring,Action RPG,1.0,4.8,BACKLOG
1118,Rocket League,Sports,0.1,3.1,BACKLOG
1118,Roblox,Platform,0.7,0.2,BACKLOG
1118,Tekken 8,Fighting,43.4,95.5,COMPLETED
1118,The Sims 4,Simulation,1.0,2.9,BACKLOG
1118,Counter-Strike 2,Tactical Shooter,1.5,0.4,BACKLOG
1120,Helldivers 2,Coop Shooter,167.0,80.9,COMPLETED
1120,League of Legends,MOBA,27.7,13.0,ABANDONED
1121,Pokemon Legends Z-A,RPG,220.8,7.0,PLAYING
1122,Elden Ring,Action RPG,1.0,3.5,BACKLOG
1122,Marvel Rivals,Hero Shooter,475.0,53.3,PLAYING
1122,Hollow Knight Silksong,Metroidvania,8.7,4.3,ABANDONED
1122,Helldivers 2,Coop Shooter,0.8,2.1,BACKLOG
1122,Tekken 8,Fighting,535.0,80.0,PLAYING
1123,Dota 2,MOBA,214.4,46.7,PLAYING
1123,Hollow Knight Silksong,Metroidvania,151.5,58.9,COMPLETED
1123,Overwatch 2,Hero Shooter,0.4,1.1,BACKLOG
1123,The Sims 4,Simulation,0.0,2.8,BACKLOG
1125,Monster Hunter Wilds,Action RPG,94.8,89.9,COMPLETED
1125,Minecraft,Sandbox,175.6,80.6,COMPLETED
1126,The Sims 4,Simulation,0.2,3.7,BACKLOG
1126,Hollow Knight Silksong,Metroidvania,207.2,55.8,COMPLETED
1126,League of Legends,MOBA,73.5,45.4,COMPLETED
1126,Counter-Strike 2,Tactical Shooter,26.7,53.5,COMPLETED
1126,Stardew Valley,Simulation,216.6,72.5,PLAYING
1127,Pokemon Legends Z-A,RPG,202.1,69.0,COMPLETED
1127,Counter-Strike 2,Tactical Shooter,0.4,2.7,BACKLOG
1127,The Sims 4,Simulation,587.3,10.9,PLAYING
1128,Street Fighter 6,Fighting,16.1,19.2,ABANDONED
1128,Baldurs Gate 3,RPG,174.7,9.9,PLAYING
1129,Monster Hunter Wilds,Action RPG,0.1,0.5,BACKLOG
1130,League of Legends,MOBA,143.7,30.8,PLAYING
1130,Street Fighter 6,Fighting,131.3,65.8,COMPLETED
1130,Helldivers 2,Coop Shooter,146.7,24.4,PLAYING
1131,Valorant,Tactical Shooter,71.7,24.4,PLAYING
1131,Dead by Daylight,Horror,173.2,92.5,COMPLETED
1132,Pokemon Legends Z-A,RPG,234.7,62.1,PLAYING
1133,Monster Hunter Wilds,Action RPG,435.7,24.7,PLAYING
1135,Dead by Daylight,Horror,161.9,82.6,COMPLETED
1136,Elden Ring,Action RPG,8.6,2.5,ABANDONED
1137,League of Legends,MOBA,122.5,98.6,COMPLETED
1137,Stardew Valley,Simulation,70.7,98.0,COMPLETED
1137,Rocket League,Sports,312.0,28.0,PLAYING
1138,Counter-Strike 2,Tactical Shooter,48.0,14.6,PLAYING
1138,Rocket League,Sports,107.8,75.2,PLAYING
1138,Minecraft,Sandbox,257.9,39.9,PLAYING
1138,Overwatch 2,Hero Shooter,10.9,50.6,PLAYING
1140,Hades II,Roguelike,308.3,25.1,PLAYING
1140,Counter-Strike 2,Tactical Shooter,209.0,48.0,COMPLETED
1140,League of Legends,MOBA,147.0,34.8,PLAYING
1141,Counter-Strike 2,Tactical Shooter,530.8,43.0,PLAYING
1141,Minecraft,Sandbox,89.4,9.9,PLAYING
1141,Roblox,Platform,76.4,83.5,COMPLETED
1142,League of Legends,MOBA,421.5,61.8,PLAYING
1144,Elden Ring,Action RPG,28.2,52.0,PLAYING
1144,Baldurs Gate 3,RPG,0.4,4.3,BACKLOG
1144,Roblox,Platform,0.9,0.1,BACKLOG
1144,Valorant,Tactical Shooter,168.0,49.2,COMPLETED
1145,Counter-Strike 2,Tactical Shooter,1.3,4.3,BACKLOG
1145,Helldivers 2,Coop Shooter,12.7,8.8,ABANDONED
1145,The Sims 4,Simulation,203.1,93.4,PLAYING
1145,Minecraft,Sandbox,213.0,96.7,COMPLETED
1145,Elden Ring,Action RPG,1.4,1.3,BACKLOG
1146,Valorant,Tactical Shooter,24.0,12.6,ABANDONED
1146,Tekken 8,Fighting,265.9,84.1,PLAYING
1146,Marvel Rivals,Hero Shooter,230.1,90.1,COMPLETED
1146,Counter-Strike 2,Tactical Shooter,677.4,5.5,PLAYING
1146,Stardew Valley,Simulation,0.9,0.8,BACKLOG
1147,Cyberpunk 2077,Action RPG,0.8,1.0,BACKLOG
1147,Street Fighter 6,Fighting,4.9,13.7,ABANDONED
1147,GTA V,Open World,243.1,85.6,COMPLETED
1148,Monster Hunter Wilds,Action RPG,460.6,55.5,PLAYING
1149,Counter-Strike 2,Tactical Shooter,445.6,37.0,PLAYING
1149,The Sims 4,Simulation,143.3,59.4,PLAYING
1149,Rocket League,Sports,3.1,12.5,ABANDONED
1149,Tekken 8,Fighting,137.4,64.0,COMPLETED
1150,Elden Ring,Action RPG,259.6,82.7,COMPLETED
1150,Tekken 8,Fighting,26.3,7.5,ABANDONED
1150,Baldurs Gate 3,RPG,130.6,42.5,PLAYING
1150,Dead by Daylight,Horror,4.0,15.8,ABANDONED
1151,Elden Ring,Action RPG,682.9,66.7,PLAYING
1151,Tekken 8,Fighting,262.8,91.1,PLAYING
1151,Minecraft,Sandbox,632.2,81.3,PLAYING
1152,Valorant,Tactical Shooter,234.5,62.3,COMPLETED
1152,Hades II,Roguelike,127.9,82.7,COMPLETED
1152,Monster Hunter Wilds,Action RPG,223.0,46.7,COMPLETED
1152,Helldivers 2,Coop Shooter,417.7,30.2,PLAYING
1153,Helldivers 2,Coop Shooter,687.9,41.0,PLAYING
1154,Dead by Daylight,Horror,0.2,2.9,BACKLOG
1154,Baldurs Gate 3,RPG,1.3,1.2,BACKLOG
1154,EA Sports FC 26,Sports,21.7,7.3,ABANDONED
1154,Cyberpunk 2077,Action RPG,162.8,75.5,COMPLETED
1154,GTA V,Open World,1.3,3.3,BACKLOG
1156,Minecraft,Sandbox,458.1,57.0,PLAYING
1156,Stardew Valley,Simulation,16.0,67.3,COMPLETED
1156,GTA V,Open World,465.4,14.8,PLAYING
1156,Baldurs Gate 3,RPG,34.5,63.3,COMPLETED
1157,Fortnite,Battle Royale,199.7,87.3,COMPLETED
1157,Marvel Rivals,Hero Shooter,31.2,77.5,COMPLETED
1157,Roblox,Platform,325.5,19.8,PLAYING
1157,Cyberpunk 2077,Action RPG,437.6,67.2,PLAYING
1157,League of Legends,MOBA,213.9,84.3,PLAYING
1158,Hollow Knight Silksong,Metroidvania,195.4,78.7,COMPLETED
1158,Stardew Valley,Simulation,302.5,80.8,PLAYING
1159,Dead by Daylight,Horror,23.3,24.8,ABANDONED
1159,Pokemon Legends Z-A,RPG,318.2,34.2,PLAYING
1159,The Sims 4,Simulation,178.7,76.4,COMPLETED
1159,Valorant,Tactical Shooter,118.7,65.2,COMPLETED
1159,Roblox,Platform,223.4,61.0,COMPLETED
1160,Stardew Valley,Simulation,555.9,9.1,PLAYING
1161,Cyberpunk 2077,Action RPG,114.5,31.9,PLAYING
1162,Monster Hunter Wilds,Action RPG,218.1,83.1,COMPLETED
1163,GTA V,Open World,699.3,71.9,PLAYING
1163,Valorant,Tactical Shooter,0.6,0.7,BACKLOG
1163,Baldurs Gate 3,RPG,379.3,36.3,PLAYING
1164,Street Fighter 6,Fighting,3.3,11.0,ABANDONED
1164,Minecraft,Sandbox,1.0,1.0,BACKLOG
1164,Roblox,Platform,0.2,2.7,BACKLOG
1165,Overwatch 2,Hero Shooter,0.7,4.0,BACKLOG
1165,Helldivers 2,Coop Shooter,33.1,7.8,ABANDONED
1165,Fortnite,Battle Royale,21.1,15.8,ABANDONED
1165,Roblox,Platform,343.7,45.4,PLAYING
1165,Dead by Daylight,Horror,87.7,63.4,COMPLETED
1166,Stardew Valley,Simulation,186.3,77.9,COMPLETED
1166,Monster Hunter Wilds,Action RPG,479.8,41.9,PLAYING
1166,Roblox,Platform,489.5,78.1,PLAYING
1166,Cyberpunk 2077,Action RPG,5.2,20.2,ABANDONED
1166,Counter-Strike 2,Tactical Shooter,569.6,28.5,PLAYING
1167,Dota 2,MOBA,267.8,52.6,PLAYING
1167,Fortnite,Battle Royale,666.1,29.3,PLAYING
1167,Pokemon Legends Z-A,RPG,392.3,78.4,PLAYING
1167,GTA V,Open World,23.2,24.6,ABANDONED
1168,Baldurs Gate 3,RPG,13.0,11.2,ABANDONED
1168,Monster Hunter Wilds,Action RPG,101.6,5.3,PLAYING
1168,Counter-Strike 2,Tactical Shooter,178.1,88.8,COMPLETED
1169,Fortnite,Battle Royale,646.1,42.0,PLAYING
1169,GTA V,Open World,509.0,43.3,PLAYING
1169,Marvel Rivals,Hero Shooter,259.7,55.4,COMPLETED
1170,Rocket League,Sports,254.4,58.7,COMPLETED
1170,Overwatch 2,Hero Shooter,6.2,22.4,ABANDONED
1170,Hollow Knight Silksong,Metroidvania,473.2,43.7,PLAYING
1170,Stardew Valley,Simulation,133.6,70.6,COMPLETED
1171,Minecraft,Sandbox,21.9,0.4,ABANDONED
1171,Counter-Strike 2,Tactical Shooter,32.9,11.5,ABANDONED
1171,Rocket League,Sports,171.3,97.2,COMPLETED
1172,League of Legends,MOBA,114.4,96.3,COMPLETED
1172,Helldivers 2,Coop Shooter,26.3,22.3,ABANDONED
1172,Minecraft,Sandbox,417.1,33.5,PLAYING
1172,Pokemon Legends Z-A,RPG,1.1,2.9,BACKLOG
1172,Hades II,Roguelike,26.8,6.3,ABANDONED
1174,Dead by Daylight,Horror,18.1,28.6,ABANDONED
1174,Fortnite,Battle Royale,376.8,37.0,PLAYING
1174,The Sims 4,Simulation,183.7,58.2,PLAYING
1174,Hades II,Roguelike,0.9,2.5,BACKLOG
1174,Valorant,Tactical Shooter,113.3,54.7,PLAYING
1175,Dead by Daylight,Horror,565.8,64.0,PLAYING
1175,Monster Hunter Wilds,Action RPG,526.6,47.9,PLAYING
1175,Elden Ring,Action RPG,10.7,89.0,PLAYING
1175,Cyberpunk 2077,Action RPG,140.1,56.3,COMPLETED
1175,GTA V,Open World,0.5,2.4,BACKLOG
1176,Rocket League,Sports,27.9,20.0,ABANDONED
1177,Valorant,Tactical Shooter,371.0,16.1,PLAYING
1178,Rocket League,Sports,237.3,53.0,COMPLETED
1178,Dead by Daylight,Horror,1.5,4.6,BACKLOG
1178,Overwatch 2,Hero Shooter,119.2,14.9,PLAYING
1178,Stardew Valley,Simulation,30.8,8.0,ABANDONED
1178,Baldurs Gate 3,RPG,128.9,93.2,COMPLETED
1179,The Sims 4,Simulation,209.8,66.0,COMPLETED
1179,Pokemon Legends Z-A,RPG,2.9,10.0,ABANDONED
1179,Counter-Strike 2,Tactical Shooter,236.8,86.7,COMPLETED
1179,Dead by Daylight,Horror,389.7,55.0,PLAYING
1180,Elden Ring,Action RPG,307.1,17.8,PLAYING
1180,Counter-Strike 2,Tactical Shooter,358.5,49.9,PLAYING
1180,Marvel Rivals,Hero Shooter,5.6,23.6,ABANDONED
1180,Roblox,Platform,220.6,91.2,PLAYING
1180,Hollow Knight Silksong,Metroidvania,514.8,82.4,PLAYING
1182,Rocket League,Sports,581.7,28.2,PLAYING
1182,Cyberpunk 2077,Action RPG,162.7,57.4,COMPLETED
1182,Helldivers 2,Coop Shooter,540.6,16.9,PLAYING
1182,Pokemon Legends Z-A,RPG,606.3,19.4,PLAYING
1182,Valorant,Tactical Shooter,71.1,81.6,COMPLETED
1184,Counter-Strike 2,Tactical Shooter,74.6,7.9,PLAYING
1184,Stardew Valley,Simulation,97.3,29.1,PLAYING
1184,Tekken 8,Fighting,123.9,69.0,COMPLETED
1184,GTA V,Open World,193.6,24.6,PLAYING
1184,Elden Ring,Action RPG,95.0,95.7,COMPLETED
1186,Tekken 8,Fighting,0.0,1.5,BACKLOG
1186,Fortnite,Battle Royale,425.3,71.3,PLAYING
1186,Hollow Knight Silksong,Metroidvania,319.9,78.4,PLAYING
1186,Baldurs Gate 3,RPG,1.2,3.9,BACKLOG
1186,Roblox,Platform,214.2,68.9,COMPLETED
1187,Baldurs Gate 3,RPG,0.2,2.9,BACKLOG
1187,Stardew Valley,Simulation,156.1,78.4,COMPLETED
1187,Overwatch 2,Hero Shooter,520.2,49.9,PLAYING
1187,Dead by Daylight,Horror,329.9,31.4,PLAYING
1188,Helldivers 2,Coop Shooter,554.6,45.8,PLAYING
1188,Pokemon Legends Z-A,RPG,55.1,88.2,PLAYING
1188,Hollow Knight Silksong,Metroidvania,1.1,1.5,BACKLOG
1188,Cyberpunk 2077,Action RPG,357.9,50.9,PLAYING
1188,Monster Hunter Wilds,Action RPG,584.9,7.2,PLAYING
1189,Roblox,Platform,204.9,90.3,COMPLETED
1189,Rocket League,Sports,94.5,50.0,COMPLETED
1190,Helldivers 2,Coop Shooter,254.9,48.7,COMPLETED
1190,The Sims 4,Simulation,141.2,68.3,COMPLETED
1190,Rocket League,Sports,20.3,19.2,ABANDONED
1190,Tekken 8,Fighting,43.1,56.0,COMPLETED
1190,Baldurs Gate 3,RPG,341.8,33.7,PLAYING
1191,Dota 2,MOBA,0.3,2.8,BACKLOG
1191,Cyberpunk 2077,Action RPG,0.2,4.3,BACKLOG
1192,GTA V,Open World,1.3,1.8,BACKLOG
1192,Rocket League,Sports,173.9,79.7,COMPLETED
1192,Overwatch 2,Hero Shooter,0.9,4.9,BACKLOG
1192,Fortnite,Battle Royale,158.6,66.0,COMPLETED
1192,Stardew Valley,Simulation,182.4,47.8,COMPLETED
1194,Hollow Knight Silksong,Metroidvania,501.9,58.0,PLAYING
1194,Monster Hunter Wilds,Action RPG,48.8,96.7,COMPLETED
1195,The Sims 4,Simulation,226.0,83.5,COMPLETED
1196,Baldurs Gate 3,RPG,287.9,22.7,PLAYING
1197,EA Sports FC 26,Sports,158.1,29.1,PLAYING
1197,The Sims 4,Simulation,253.4,96.9,COMPLETED
1197,Baldurs Gate 3,RPG,1.3,3.5,BACKLOG
1198,Hollow Knight Silksong,Metroidvania,55.9,71.0,COMPLETED
1198,Cyberpunk 2077,Action RPG,48.8,81.5,COMPLETED
1198,EA Sports FC 26,Sports,657.9,74.1,PLAYING
1199,League of Legends,MOBA,4.9,12.2,ABANDONED
1199,Street Fighter 6,Fighting,15.8,13.4,ABANDONED
1200,Hades II,Roguelike,465.4,28.2,PLAYING
1200,League of Legends,MOBA,19.3,56.3,COMPLETED
1200,EA Sports FC 26,Sports,679.3,80.0,PLAYING
1200,Tekken 8,Fighting,373.5,49.1,PLAYING
1200,Stardew Valley,Simulation,1.1,3.0,BACKLOG
1202,EA Sports FC 26,Sports,222.1,13.0,PLAYING
1202,GTA V,Open World,1.0,0.4,BACKLOG
1202,The Sims 4,Simulation,236.4,83.4,COMPLETED
1202,Tekken 8,Fighting,11.3,8.2,ABANDONED
1203,Roblox,Platform,4.9,29.1,ABANDONED
1203,Monster Hunter Wilds,Action RPG,525.5,38.1,PLAYING
1203,Stardew Valley,Simulation,140.1,55.3,COMPLETED
1203,EA Sports FC 26,Sports,17.4,13.0,ABANDONED
1203,Minecraft,Sandbox,1.3,1.0,BACKLOG
1204,Hollow Knight Silksong,Metroidvania,154.1,61.4,COMPLETED
1205,Marvel Rivals,Hero Shooter,293.4,43.1,PLAYING
1205,EA Sports FC 26,Sports,1.5,1.6,BACKLOG
1205,Dead by Daylight,Horror,172.6,96.6,COMPLETED
1206,EA Sports FC 26,Sports,34.3,57.7,PLAYING
1206,Cyberpunk 2077,Action RPG,401.7,46.4,PLAYING
1206,Street Fighter 6,Fighting,0.3,2.1,BACKLOG
1208,League of Legends,MOBA,415.5,31.7,PLAYING
1208,Hollow Knight Silksong,Metroidvania,0.6,3.1,BACKLOG
1208,Dota 2,MOBA,172.5,70.9,COMPLETED
1208,Cyberpunk 2077,Action RPG,0.8,4.7,BACKLOG
1210,Fortnite,Battle Royale,30.4,8.6,PLAYING
1210,Dead by Daylight,Horror,417.4,86.9,PLAYING
1210,Monster Hunter Wilds,Action RPG,204.9,60.3,PLAYING
1211,Roblox,Platform,697.2,16.4,PLAYING
1211,Dota 2,MOBA,105.3,28.8,PLAYING
1212,Baldurs Gate 3,RPG,181.2,11.6,PLAYING
1212,Overwatch 2,Hero Shooter,0.4,2.4,BACKLOG
1212,Tekken 8,Fighting,686.5,39.7,PLAYING
1213,Elden Ring,Action RPG,43.0,61.8,COMPLETED
1214,Marvel Rivals,Hero Shooter,0.9,3.8,BACKLOG
1214,Dota 2,MOBA,1.0,1.1,BACKLOG
1216,League of Legends,MOBA,18.1,24.0,ABANDONED
1216,Hollow Knight Silksong,Metroidvania,184.0,29.9,PLAYING
1216,Pokemon Legends Z-A,RPG,41.9,77.1,COMPLETED
1216,Dead by Daylight,Horror,343.2,59.6,PLAYING
1219,League of Legends,MOBA,176.3,59.9,COMPLETED
1219,Minecraft,Sandbox,257.2,70.2,COMPLETED
1220,Hollow Knight Silksong,Metroidvania,0.7,3.4,BACKLOG
1220,Hades II,Roguelike,29.8,18.2,ABANDONED
1220,Rocket League,Sports,231.2,78.9,COMPLETED
1220,Street Fighter 6,Fighting,1.1,2.6,BACKLOG
1221,Counter-Strike 2,Tactical Shooter,1.1,1.7,BACKLOG
1221,Rocket League,Sports,99.8,60.1,COMPLETED
1221,Hollow Knight Silksong,Metroidvania,609.6,50.2,PLAYING
1221,Hades II,Roguelike,671.0,65.7,PLAYING
1222,Hollow Knight Silksong,Metroidvania,47.6,93.3,COMPLETED
1222,Rocket League,Sports,4.0,21.7,ABANDONED
1223,Hades II,Roguelike,19.9,31.6,PLAYING
1223,Tekken 8,Fighting,228.6,26.9,PLAYING
1223,Dead by Daylight,Horror,100.7,56.1,PLAYING
1223,Baldurs Gate 3,RPG,519.8,36.5,PLAYING
1224,Baldurs Gate 3,RPG,283.3,15.3,PLAYING
1224,Overwatch 2,Hero Shooter,1.4,2.5,BACKLOG
1224,Hades II,Roguelike,0.9,3.8,BACKLOG
1225,Valorant,Tactical Shooter,31.8,36.7,PLAYING
1226,Hollow Knight Silksong,Metroidvania,493.4,67.4,PLAYING
1226,Roblox,Platform,33.7,2.1,ABANDONED
1226,Rocket League,Sports,634.6,24.9,PLAYING
1226,Helldivers 2,Coop Shooter,120.4,62.9,COMPLETED
1226,Valorant,Tactical Shooter,1.0,0.9,BACKLOG
1227,Dota 2,MOBA,11.7,2.1,ABANDONED
1227,Fortnite,Battle Royale,184.6,67.5,PLAYING
1227,Counter-Strike 2,Tactical Shooter,0.5,4.5,BACKLOG
1227,Hades II,Roguelike,52.9,93.6,PLAYING
1228,Baldurs Gate 3,RPG,257.6,54.0,COMPLETED
1228,Cyberpunk 2077,Action RPG,425.2,26.2,PLAYING
1228,Minecraft,Sandbox,123.4,64.4,COMPLETED
1228,The Sims 4,Simulation,13.8,16.0,ABANDONED
1228,Dead by Daylight,Horror,335.9,71.4,PLAYING
1229,Helldivers 2,Coop Shooter,1.1,1.7,BACKLOG
1229,Elden Ring,Action RPG,188.6,61.9,COMPLETED
1229,The Sims 4,Simulation,573.3,68.1,PLAYING
1229,Roblox,Platform,377.0,93.5,PLAYING
1229,Dead by Daylight,Horror,1.3,2.3,BACKLOG
1230,League of Legends,MOBA,186.3,78.9,COMPLETED
1230,Roblox,Platform,142.9,94.5,COMPLETED
1231,Baldurs Gate 3,RPG,674.8,60.7,PLAYING
1231,Valorant,Tactical Shooter,614.2,17.1,PLAYING
1233,Marvel Rivals,Hero Shooter,582.4,53.7,PLAYING
1233,Tekken 8,Fighting,1.4,4.2,BACKLOG
1234,The Sims 4,Simulation,0.3,2.6,BACKLOG
1234,Hollow Knight Silksong,Metroidvania,390.2,46.5,PLAYING
1234,Overwatch 2,Hero Shooter,140.1,51.9,COMPLETED
1234,Hades II,Roguelike,1.1,1.8,BACKLOG
1235,Tekken 8,Fighting,453.4,72.2,PLAYING
1235,Helldivers 2,Coop Shooter,29.4,96.2,COMPLETED
1235,Dead by Daylight,Horror,156.7,74.6,COMPLETED
1235,Dota 2,MOBA,0.4,2.5,BACKLOG
1235,Baldurs Gate 3,RPG,0.1,1.2,BACKLOG
1236,Elden Ring,Action RPG,164.6,49.6,COMPLETED
1236,Valorant,Tactical Shooter,629.1,12.9,PLAYING
1236,Roblox,Platform,0.3,3.4,BACKLOG
1236,GTA V,Open World,557.1,36.6,PLAYING
1237,Fortnite,Battle Royale,49.9,59.3,COMPLETED
1237,Hades II,Roguelike,8.0,14.2,ABANDONED
1238,Helldivers 2,Coop Shooter,1.1,3.2,BACKLOG
1238,Marvel Rivals,Hero Shooter,585.4,14.1,PLAYING
1239,EA Sports FC 26,Sports,0.4,4.6,BACKLOG
1239,Pokemon Legends Z-A,RPG,118.4,71.0,COMPLETED
1239,Dota 2,MOBA,139.1,42.4,PLAYING
1240,Counter-Strike 2,Tactical Shooter,195.0,81.1,COMPLETED
1240,Baldurs Gate 3,RPG,303.6,29.3,PLAYING
1240,Minecraft,Sandbox,0.0,4.6,BACKLOG
1241,Street Fighter 6,Fighting,0.9,0.8,BACKLOG
1242,Street Fighter 6,Fighting,273.9,74.3,PLAYING
1244,Tekken 8,Fighting,526.5,46.3,PLAYING
1244,Fortnite,Battle Royale,254.0,66.7,COMPLETED
1244,Hades II,Roguelike,134.4,99.7,COMPLETED
1244,The Sims 4,Simulation,497.0,21.8,PLAYING
1245,Valorant,Tactical Shooter,10.6,17.8,ABANDONED
1245,GTA V,Open World,46.4,61.5,PLAYING
1245,The Sims 4,Simulation,1.0,4.8,BACKLOG
1245,Stardew Valley,Simulation,581.5,46.3,PLAYING
1245,Elden Ring,Action RPG,270.2,92.0,PLAYING
1247,Monster Hunter Wilds,Action RPG,26.2,8.2,ABANDONED
1247,Valorant,Tactical Shooter,4.8,19.8,ABANDONED
1248,Marvel Rivals,Hero Shooter,32.8,22.1,PLAYING
1248,Hollow Knight Silksong,Metroidvania,236.7,62.1,COMPLETED
1248,Rocket League,Sports,357.7,27.5,PLAYING
1248,Tekken 8,Fighting,90.2,81.7,PLAYING
1248,Pokemon Legends Z-A,RPG,225.6,48.3,COMPLETED
1249,Minecraft,Sandbox,252.5,39.3,PLAYING
1250,The Sims 4,Simulation,4.9,19.3,ABANDONED
1250,Overwatch 2,Hero Shooter,465.8,57.9,PLAYING
1250,Baldurs Gate 3,RPG,64.9,80.4,COMPLETED
1250,Fortnite,Battle Royale,0.4,3.1,BACKLOG
1250,GTA V,Open World,135.8,50.0,COMPLETED
1252,Baldurs Gate 3,RPG,1.1,4.5,BACKLOG
1252,Stardew Valley,Simulation,246.4,62.6,COMPLETED
1252,Tekken 8,Fighting,25.5,27.2,ABANDONED
1252,Fortnite,Battle Royale,0.6,1.4,BACKLOG
1252,Helldivers 2,Coop Shooter,217.5,77.7,COMPLETED
1253,Minecraft,Sandbox,23.8,7.7,ABANDONED
1253,Hollow Knight Silksong,Metroidvania,695.9,84.5,PLAYING
1255,League of Legends,MOBA,694.9,58.5,PLAYING
1255,Fortnite,Battle Royale,30.5,12.7,ABANDONED
1256,The Sims 4,Simulation,30.4,4.9,ABANDONED
1256,Hollow Knight Silksong,Metroidvania,30.2,20.2,ABANDONED
1256,Baldurs Gate 3,RPG,628.6,72.8,PLAYING
1256,Elden Ring,Action RPG,13.1,2.8,ABANDONED
1256,Minecraft,Sandbox,113.9,76.7,COMPLETED
1257,GTA V,Open World,128.5,88.5,PLAYING
1257,Dota 2,MOBA,479.1,49.6,PLAYING
1257,Cyberpunk 2077,Action RPG,0.6,2.8,BACKLOG
1257,Marvel Rivals,Hero Shooter,360.1,19.0,PLAYING
1258,Dota 2,MOBA,202.8,57.7,PLAYING
1259,Overwatch 2,Hero Shooter,0.0,2.0,BACKLOG
1259,Stardew Valley,Simulation,1.0,1.6,BACKLOG
1260,Dead by Daylight,Horror,81.0,54.4,PLAYING
1260,Tekken 8,Fighting,529.0,24.7,PLAYING
1260,EA Sports FC 26,Sports,8.4,3.1,ABANDONED
1260,Overwatch 2,Hero Shooter,1.1,4.8,BACKLOG
1260,Fortnite,Battle Royale,596.6,64.1,PLAYING
1261,EA Sports FC 26,Sports,3.1,15.3,ABANDONED
1261,Monster Hunter Wilds,Action RPG,29.8,58.8,COMPLETED
1261,GTA V,Open World,579.6,36.1,PLAYING
1262,Fortnite,Battle Royale,204.7,48.8,COMPLETED
1262,GTA V,Open World,573.8,91.4,PLAYING
1263,Overwatch 2,Hero Shooter,0.7,3.6,BACKLOG
1263,Marvel Rivals,Hero Shooter,105.8,74.3,COMPLETED
1264,Roblox,Platform,243.0,15.9,PLAYING
1264,Counter-Strike 2,Tactical Shooter,10.0,66.2,PLAYING
1264,Hollow Knight Silksong,Metroidvania,124.0,58.5,PLAYING
1264,Tekken 8,Fighting,152.5,76.1,PLAYING
1265,League of Legends,MOBA,333.4,50.5,PLAYING
1266,League of Legends,MOBA,141.3,84.0,COMPLETED
1268,Valorant,Tactical Shooter,145.9,49.3,PLAYING
1268,Tekken 8,Fighting,227.5,89.4,PLAYING
1268,Rocket League,Sports,163.3,72.0,PLAYING
1268,Fortnite,Battle Royale,0.1,1.4,BACKLOG
1268,Minecraft,Sandbox,173.0,53.3,COMPLETED
1269,Helldivers 2,Coop Shooter,19.1,6.3,ABANDONED
1269,Stardew Valley,Simulation,16.2,10.4,ABANDONED
1269,The Sims 4,Simulation,573.2,75.8,PLAYING
1269,Elden Ring,Action RPG,1.2,0.9,BACKLOG
1270,Hollow Knight Silksong,Metroidvania,2.8,22.3,ABANDONED
1270,Cyberpunk 2077,Action RPG,316.3,21.6,PLAYING
1270,Fortnite,Battle Royale,22.2,27.8,ABANDONED
1272,Tekken 8,Fighting,0.3,0.4,BACKLOG
1272,GTA V,Open World,0.0,4.5,BACKLOG
1272,Stardew Valley,Simulation,459.0,59.6,PLAYING
1272,Pokemon Legends Z-A,RPG,152.4,52.1,COMPLETED
1273,Baldurs Gate 3,RPG,40.1,55.3,COMPLETED
1273,Street Fighter 6,Fighting,0.1,1.6,BACKLOG
1273,Dota 2,MOBA,63.7,93.5,PLAYING
1273,Counter-Strike 2,Tactical Shooter,176.2,45.5,COMPLETED
1273,Rocket League,Sports,23.3,1.9,ABANDONED
1274,Tekken 8,Fighting,31.3,33.7,PLAYING
1274,Fortnite,Battle Royale,14.6,20.2,ABANDONED
1274,Baldurs Gate 3,RPG,1.5,2.4,BACKLOG
1274,EA Sports FC 26,Sports,1.4,2.5,BACKLOG
1276,Helldivers 2,Coop Shooter,657.2,68.3,PLAYING
1276,Fortnite,Battle Royale,160.7,73.1,COMPLETED
1276,Stardew Valley,Simulation,19.9,14.9,ABANDONED
1278,Baldurs Gate 3,RPG,0.9,4.2,BACKLOG
1278,Fortnite,Battle Royale,1.4,0.5,BACKLOG
1278,Stardew Valley,Simulation,154.3,60.4,COMPLETED
1278,League of Legends,MOBA,0.9,0.2,BACKLOG
1278,Valorant,Tactical Shooter,522.1,38.6,PLAYING
1281,Minecraft,Sandbox,22.4,2.7,ABANDONED
1281,Cyberpunk 2077,Action RPG,1.5,4.7,BACKLOG
1281,The Sims 4,Simulation,132.5,66.5,PLAYING
1281,Hollow Knight Silksong,Metroidvania,480.0,21.6,PLAYING
1281,Monster Hunter Wilds,Action RPG,1.7,2.9,ABANDONED
1282,Dota 2,MOBA,551.1,82.4,PLAYING
1283,Pokemon Legends Z-A,RPG,0.6,0.7,BACKLOG
1283,Elden Ring,Action RPG,121.7,51.8,COMPLETED
1283,League of Legends,MOBA,56.9,52.0,COMPLETED
1283,Roblox,Platform,0.5,1.8,BACKLOG
1283,Valorant,Tactical Shooter,41.2,47.5,COMPLETED
1286,Cyberpunk 2077,Action RPG,133.9,26.4,PLAYING
1286,Street Fighter 6,Fighting,0.3,0.3,BACKLOG
1286,Monster Hunter Wilds,Action RPG,360.1,30.7,PLAYING
1286,Overwatch 2,Hero Shooter,0.8,2.1,BACKLOG
1288,Hades II,Roguelike,229.6,38.5,PLAYING
1288,Cyberpunk 2077,Action RPG,67.7,63.4,PLAYING
1288,Dota 2,MOBA,62.8,34.9,PLAYING
1289,Overwatch 2,Hero Shooter,31.3,75.9,COMPLETED
1290,Rocket League,Sports,236.0,98.3,COMPLETED
1290,GTA V,Open World,115.6,85.5,COMPLETED
1290,Valorant,Tactical Shooter,16.5,21.9,ABANDONED
1290,Helldivers 2,Coop Shooter,41.9,77.2,COMPLETED
1290,Marvel Rivals,Hero Shooter,17.7,16.0,ABANDONED
1291,Street Fighter 6,Fighting,514.3,68.8,PLAYING
1291,Helldivers 2,Coop Shooter,38.8,50.3,PLAYING
1291,Valorant,Tactical Shooter,39.0,80.7,COMPLETED
1291,Minecraft,Sandbox,0.5,1.1,BACKLOG
1291,Stardew Valley,Simulation,4.7,10.5,ABANDONED
1292,Dota 2,MOBA,0.8,4.7,BACKLOG
1292,Stardew Valley,Simulation,210.1,76.0,COMPLETED
1292,Helldivers 2,Coop Shooter,1.3,0.0,BACKLOG
1294,Valorant,Tactical Shooter,14.5,22.4,ABANDONED
1294,Dead by Daylight,Horror,0.5,4.2,BACKLOG
1294,GTA V,Open World,397.5,16.4,PLAYING
1294,Rocket League,Sports,646.4,40.1,PLAYING
1295,League of Legends,MOBA,0.7,4.7,BACKLOG
1295,Counter-Strike 2,Tactical Shooter,1.1,3.6,BACKLOG
1295,Street Fighter 6,Fighting,352.0,93.6,PLAYING
1295,Rocket League,Sports,227.7,57.9,COMPLETED
1295,Hollow Knight Silksong,Metroidvania,115.5,74.6,COMPLETED
1296,Hollow Knight Silksong,Metroidvania,234.1,76.1,COMPLETED
1296,Dead by Daylight,Horror,141.3,66.9,COMPLETED
1296,Fortnite,Battle Royale,1.3,4.1,BACKLOG
1297,Pokemon Legends Z-A,RPG,464.5,7.1,PLAYING
1297,Cyberpunk 2077,Action RPG,12.2,11.8,ABANDONED
1297,Dead by Daylight,Horror,0.0,0.6,BACKLOG
1298,Helldivers 2,Coop Shooter,468.8,59.8,PLAYING
1298,Valorant,Tactical Shooter,0.1,3.6,BACKLOG
1298,Fortnite,Battle Royale,154.5,10.5,PLAYING
1298,Pokemon Legends Z-A,RPG,423.3,49.1,PLAYING
1299,EA Sports FC 26,Sports,491.6,54.7,PLAYING
1299,Stardew Valley,Simulation,247.3,55.9,COMPLETED
1299,Hollow Knight Silksong,Metroidvania,1.2,2.5,BACKLOG
1299,Street Fighter 6,Fighting,249.8,86.9,COMPLETED
1300,Minecraft,Sandbox,120.8,84.6,COMPLETED
1300,GTA V,Open World,1.2,2.2,BACKLOG
1300,Cyberpunk 2077,Action RPG,0.1,0.7,BACKLOG
1300,Elden Ring,Action RPG,432.1,50.0,PLAYING
1301,Fortnite,Battle Royale,668.2,24.0,PLAYING
1301,Tekken 8,Fighting,227.3,82.3,COMPLETED
1301,Minecraft,Sandbox,679.1,6.2,PLAYING
1301,Marvel Rivals,Hero Shooter,520.1,65.4,PLAYING
1302,Roblox,Platform,129.0,74.8,COMPLETED
1302,Valorant,Tactical Shooter,107.2,93.2,PLAYING
1302,Monster Hunter Wilds,Action RPG,613.0,46.4,PLAYING
1305,Roblox,Platform,348.3,33.7,PLAYING
1305,Valorant,Tactical Shooter,19.4,2.9,ABANDONED
1306,Street Fighter 6,Fighting,565.9,18.0,PLAYING
1306,Helldivers 2,Coop Shooter,267.1,28.3,PLAYING
1306,Baldurs Gate 3,RPG,135.2,9.6,PLAYING
1306,League of Legends,MOBA,467.1,36.4,PLAYING
1306,Minecraft,Sandbox,176.7,70.2,COMPLETED
1308,GTA V,Open World,96.3,15.4,PLAYING
1308,Valorant,Tactical Shooter,0.7,3.4,BACKLOG
1309,Hades II,Roguelike,0.6,4.5,BACKLOG
1310,Marvel Rivals,Hero Shooter,123.9,41.4,PLAYING
1312,Dota 2,MOBA,669.0,25.0,PLAYING
1312,Cyberpunk 2077,Action RPG,1.3,0.7,BACKLOG
1312,Elden Ring,Action RPG,218.8,80.4,COMPLETED
1312,Baldurs Gate 3,RPG,241.0,59.4,PLAYING
1314,Dota 2,MOBA,40.6,65.4,COMPLETED
1314,Valorant,Tactical Shooter,126.6,51.6,COMPLETED
1314,Counter-Strike 2,Tactical Shooter,278.4,73.9,PLAYING
1314,Hades II,Roguelike,229.7,97.3,COMPLETED
1314,Overwatch 2,Hero Shooter,0.0,3.3,BACKLOG
1315,Roblox,Platform,1.5,2.8,BACKLOG
1316,Overwatch 2,Hero Shooter,198.9,84.8,PLAYING
1316,The Sims 4,Simulation,427.8,37.0,PLAYING
1316,Hades II,Roguelike,1.4,0.0,BACKLOG
1316,Roblox,Platform,2.6,8.0,ABANDONED
1316,Rocket League,Sports,0.6,2.4,BACKLOG
1317,Monster Hunter Wilds,Action RPG,182.0,63.5,PLAYING
1317,The Sims 4,Simulation,0.9,4.2,BACKLOG
1317,League of Legends,MOBA,126.4,85.1,COMPLETED
1317,Baldurs Gate 3,RPG,218.1,51.9,COMPLETED
1317,Marvel Rivals,Hero Shooter,232.0,68.6,COMPLETED
1321,Hades II,Roguelike,17.0,29.3,ABANDONED
1322,Overwatch 2,Hero Shooter,163.6,58.6,PLAYING
1322,Hollow Knight Silksong,Metroidvania,0.6,1.5,BACKLOG
1322,EA Sports FC 26,Sports,29.3,1.6,ABANDONED
1322,Street Fighter 6,Fighting,482.3,74.8,PLAYING
1323,Roblox,Platform,0.0,1.5,BACKLOG
1324,The Sims 4,Simulation,77.2,42.1,PLAYING
1325,Overwatch 2,Hero Shooter,3.8,12.2,ABANDONED
1326,Hollow Knight Silksong,Metroidvania,128.8,69.7,PLAYING
1326,Street Fighter 6,Fighting,106.0,45.4,COMPLETED
1327,Fortnite,Battle Royale,154.9,46.0,COMPLETED
1328,Rocket League,Sports,0.0,2.8,BACKLOG
1328,Minecraft,Sandbox,277.7,35.6,PLAYING
1328,League of Legends,MOBA,33.5,6.3,ABANDONED
1328,Stardew Valley,Simulation,119.0,9.2,PLAYING
1329,Helldivers 2,Coop Shooter,0.6,4.6,BACKLOG
1329,Marvel Rivals,Hero Shooter,175.7,58.5,PLAYING
1329,Hades II,Roguelike,112.6,99.9,COMPLETED
1329,Overwatch 2,Hero Shooter,121.6,82.0,COMPLETED
1329,Baldurs Gate 3,RPG,35.5,67.3,COMPLETED
1330,Counter-Strike 2,Tactical Shooter,697.7,85.0,PLAYING
1330,Pokemon Legends Z-A,RPG,120.9,79.9,COMPLETED
1330,League of Legends,MOBA,257.1,71.2,COMPLETED
1330,GTA V,Open World,636.0,58.8,PLAYING
1330,Marvel Rivals,Hero Shooter,42.4,75.6,COMPLETED
1331,Pokemon Legends Z-A,RPG,246.7,75.1,COMPLETED
1331,Street Fighter 6,Fighting,249.6,94.0,PLAYING
1332,Counter-Strike 2,Tactical Shooter,234.7,42.0,PLAYING
1332,Helldivers 2,Coop Shooter,108.2,67.4,COMPLETED
1332,Elden Ring,Action RPG,239.1,77.9,PLAYING
1332,Hollow Knight Silksong,Metroidvania,1.0,2.6,BACKLOG
1333,Pokemon Legends Z-A,RPG,5.9,0.1,ABANDONED
1335,Baldurs Gate 3,RPG,587.9,7.6,PLAYING
1335,Elden Ring,Action RPG,0.4,4.7,BACKLOG
1335,Dead by Daylight,Horror,495.7,61.6,PLAYING
1337,Hades II,Roguelike,57.5,29.7,PLAYING
1337,Dota 2,MOBA,637.2,54.9,PLAYING
1337,Helldivers 2,Coop Shooter,569.5,85.3,PLAYING
1337,The Sims 4,Simulation,440.9,77.1,PLAYING
1337,Street Fighter 6,Fighting,150.1,72.1,COMPLETED
1338,Overwatch 2,Hero Shooter,595.9,18.5,PLAYING
1338,League of Legends,MOBA,1.1,1.9,BACKLOG
1338,Baldurs Gate 3,RPG,134.3,32.5,PLAYING
1338,Rocket League,Sports,1.2,4.8,BACKLOG
1339,Minecraft,Sandbox,114.8,53.7,COMPLETED
1339,Pokemon Legends Z-A,RPG,269.9,82.6,PLAYING
1339,Marvel Rivals,Hero Shooter,416.6,77.1,PLAYING
1339,Tekken 8,Fighting,104.8,55.6,COMPLETED
1340,League of Legends,MOBA,18.9,13.3,ABANDONED
1340,Hades II,Roguelike,362.8,40.6,PLAYING
1340,The Sims 4,Simulation,11.4,49.1,PLAYING
1340,Rocket League,Sports,0.9,2.3,BACKLOG
1340,Stardew Valley,Simulation,362.8,25.0,PLAYING
1341,Dota 2,MOBA,554.2,62.0,PLAYING
1341,GTA V,Open World,265.2,43.5,PLAYING
1341,Elden Ring,Action RPG,0.5,4.7,BACKLOG
1342,League of Legends,MOBA,17.5,29.8,ABANDONED
1342,Roblox,Platform,5.8,15.1,ABANDONED
1342,Helldivers 2,Coop Shooter,236.7,61.5,PLAYING
1342,Fortnite,Battle Royale,1.4,4.8,BACKLOG
1342,Pokemon Legends Z-A,RPG,49.1,49.5,COMPLETED
1343,Monster Hunter Wilds,Action RPG,3.2,20.3,ABANDONED
1344,Minecraft,Sandbox,405.9,84.0,PLAYING
1345,Dead by Daylight,Horror,165.6,66.2,COMPLETED
1345,The Sims 4,Simulation,35.1,44.2,PLAYING
1345,EA Sports FC 26,Sports,464.2,61.0,PLAYING
1345,Roblox,Platform,243.4,92.7,PLAYING
1345,Valorant,Tactical Shooter,211.8,73.6,PLAYING
1347,Roblox,Platform,17.8,65.2,COMPLETED
1347,Hollow Knight Silksong,Metroidvania,32.0,12.2,ABANDONED
1348,Tekken 8,Fighting,49.0,53.7,COMPLETED
1349,Tekken 8,Fighting,134.2,31.1,PLAYING
1349,Rocket League,Sports,0.6,0.4,BACKLOG
1349,Minecraft,Sandbox,151.9,70.1,COMPLETED
1350,Roblox,Platform,0.4,4.5,BACKLOG
1350,Rocket League,Sports,149.1,32.0,PLAYING
1350,The Sims 4,Simulation,21.7,14.8,ABANDONED
1350,League of Legends,MOBA,18.1,3.7,ABANDONED
1350,Tekken 8,Fighting,65.7,77.8,COMPLETED
1352,Baldurs Gate 3,RPG,452.5,88.2,PLAYING
1352,Cyberpunk 2077,Action RPG,470.0,54.6,PLAYING
1352,Tekken 8,Fighting,367.0,20.5,PLAYING
1353,Baldurs Gate 3,RPG,435.5,76.6,PLAYING
1353,Hollow Knight Silksong,Metroidvania,240.3,53.0,COMPLETED
1353,Marvel Rivals,Hero Shooter,50.9,58.7,COMPLETED
1353,League of Legends,MOBA,292.2,42.3,PLAYING
1353,Counter-Strike 2,Tactical Shooter,8.3,2.4,ABANDONED
1354,Baldurs Gate 3,RPG,33.3,35.3,PLAYING
1355,Minecraft,Sandbox,526.5,68.7,PLAYING
1355,Hollow Knight Silksong,Metroidvania,137.0,41.2,PLAYING
1356,Street Fighter 6,Fighting,393.9,46.6,PLAYING
1356,League of Legends,MOBA,233.1,86.9,COMPLETED
1357,Hades II,Roguelike,96.6,59.0,COMPLETED
1357,GTA V,Open World,30.0,6.0,ABANDONED
1359,Valorant,Tactical Shooter,68.3,53.7,COMPLETED
1359,EA Sports FC 26,Sports,0.7,3.3,BACKLOG
1360,Marvel Rivals,Hero Shooter,102.2,58.0,COMPLETED
1361,The Sims 4,Simulation,381.5,29.0,PLAYING
1361,Valorant,Tactical Shooter,225.0,62.0,COMPLETED
1362,Overwatch 2,Hero Shooter,96.0,74.9,COMPLETED
1363,Marvel Rivals,Hero Shooter,0.8,1.1,BACKLOG
1363,The Sims 4,Simulation,7.0,18.4,ABANDONED
1363,Baldurs Gate 3,RPG,145.2,70.9,PLAYING
1363,League of Legends,MOBA,0.6,0.4,BACKLOG
1365,Roblox,Platform,0.3,3.9,BACKLOG
1365,Baldurs Gate 3,RPG,185.0,53.6,COMPLETED
1366,Fortnite,Battle Royale,128.7,10.7,PLAYING
1366,Helldivers 2,Coop Shooter,111.2,86.8,COMPLETED
1366,Marvel Rivals,Hero Shooter,73.7,84.1,PLAYING
1366,Overwatch 2,Hero Shooter,336.4,63.5,PLAYING
1366,League of Legends,MOBA,8.3,2.5,ABANDONED
1370,Roblox,Platform,316.4,11.0,PLAYING
1370,Helldivers 2,Coop Shooter,1.3,3.8,BACKLOG
1371,Dota 2,MOBA,471.6,23.1,PLAYING
1371,Stardew Valley,Simulation,65.7,38.4,PLAYING
1371,Tekken 8,Fighting,138.5,88.8,COMPLETED
1372,Valorant,Tactical Shooter,0.5,4.2,BACKLOG
1372,Hades II,Roguelike,53.6,90.5,PLAYING
1372,Hollow Knight Silksong,Metroidvania,46.1,52.5,PLAYING
1372,Helldivers 2,Coop Shooter,13.7,5.9,ABANDONED
1373,Cyberpunk 2077,Action RPG,152.4,57.1,COMPLETED
1373,Counter-Strike 2,Tactical Shooter,467.8,10.5,PLAYING
1374,The Sims 4,Simulation,0.1,3.7,BACKLOG
1374,Stardew Valley,Simulation,137.3,55.3,PLAYING
1374,Dead by Daylight,Horror,24.4,8.0,ABANDONED
1375,Counter-Strike 2,Tactical Shooter,244.9,53.3,COMPLETED
1375,Pokemon Legends Z-A,RPG,222.4,92.0,COMPLETED
1375,Overwatch 2,Hero Shooter,0.9,0.4,BACKLOG
1375,League of Legends,MOBA,310.9,22.8,PLAYING
1375,Rocket League,Sports,182.0,70.9,PLAYING
1376,GTA V,Open World,693.6,65.7,PLAYING
1376,Valorant,Tactical Shooter,63.5,38.0,PLAYING
1376,Street Fighter 6,Fighting,0.3,3.4,BACKLOG
1377,Marvel Rivals,Hero Shooter,108.4,52.5,COMPLETED
1377,Dota 2,MOBA,7.6,7.5,ABANDONED
1377,Pokemon Legends Z-A,RPG,611.4,9.5,PLAYING
1377,Roblox,Platform,17.5,2.0,ABANDONED
1377,Valorant,Tactical Shooter,1.2,0.2,BACKLOG
1378,Roblox,Platform,214.1,10.7,PLAYING
1378,Baldurs Gate 3,RPG,0.8,0.4,BACKLOG
1378,GTA V,Open World,0.1,2.7,BACKLOG
1378,EA Sports FC 26,Sports,1.1,4.7,BACKLOG
1379,Valorant,Tactical Shooter,295.4,92.5,PLAYING
1380,The Sims 4,Simulation,19.8,28.8,ABANDONED
1380,Hollow Knight Silksong,Metroidvania,0.8,2.1,BACKLOG
1380,Stardew Valley,Simulation,341.5,60.3,PLAYING
1380,GTA V,Open World,91.6,31.3,PLAYING
1380,Minecraft,Sandbox,276.2,40.1,PLAYING
1381,Hades II,Roguelike,0.6,0.3,BACKLOG
1381,Baldurs Gate 3,RPG,0.5,0.1,BACKLOG
1381,Elden Ring,Action RPG,235.8,99.7,COMPLETED
1381,Dota 2,MOBA,193.4,91.3,COMPLETED
1381,GTA V,Open World,313.9,35.1,PLAYING
1382,Hollow Knight Silksong,Metroidvania,122.2,64.5,PLAYING
1382,Pokemon Legends Z-A,RPG,1.0,0.2,BACKLOG
1382,The Sims 4,Simulation,353.2,81.0,PLAYING
1382,Hades II,Roguelike,98.1,56.2,COMPLETED
1383,League of Legends,MOBA,30.4,4.9,ABANDONED
1383,Valorant,Tactical Shooter,124.3,50.9,COMPLETED
1383,GTA V,Open World,46.7,87.1,PLAYING
1383,Pokemon Legends Z-A,RPG,185.8,71.2,COMPLETED
1384,Stardew Valley,Simulation,1.5,2.1,BACKLOG
1384,Monster Hunter Wilds,Action RPG,3.4,1.5,ABANDONED
1384,Pokemon Legends Z-A,RPG,148.9,99.2,COMPLETED
1384,Marvel Rivals,Hero Shooter,456.3,22.1,PLAYING
1385,Hollow Knight Silksong,Metroidvania,172.6,67.5,COMPLETED
1385,Fortnite,Battle Royale,309.5,61.5,PLAYING
1385,Valorant,Tactical Shooter,8.1,5.4,ABANDONED
1385,EA Sports FC 26,Sports,679.0,45.1,PLAYING
1385,Elden Ring,Action RPG,164.8,65.5,COMPLETED
1386,Minecraft,Sandbox,225.6,64.1,PLAYING
1386,The Sims 4,Simulation,642.4,48.4,PLAYING
1386,Pokemon Legends Z-A,RPG,19.5,13.9,ABANDONED
1386,Helldivers 2,Coop Shooter,669.9,87.1,PLAYING
1386,League of Legends,MOBA,122.0,14.9,PLAYING
1388,Elden Ring,Action RPG,0.6,2.7,BACKLOG
1388,Helldivers 2,Coop Shooter,306.2,52.7,PLAYING
1389,Dead by Daylight,Horror,70.5,7.7,PLAYING
1389,Elden Ring,Action RPG,103.7,75.4,COMPLETED
1389,GTA V,Open World,159.2,50.2,PLAYING
1389,Pokemon Legends Z-A,RPG,7.3,28.8,ABANDONED
1390,Monster Hunter Wilds,Action RPG,524.3,12.3,PLAYING
1390,GTA V,Open World,179.7,71.4,PLAYING
1390,Valorant,Tactical Shooter,309.8,28.9,PLAYING
1391,Rocket League,Sports,475.8,41.6,PLAYING
1391,Overwatch 2,Hero Shooter,0.2,3.3,BACKLOG
1392,Hollow Knight Silksong,Metroidvania,188.5,75.4,PLAYING
1392,EA Sports FC 26,Sports,5.3,4.7,ABANDONED
1392,League of Legends,MOBA,39.5,82.7,COMPLETED
1393,Elden Ring,Action RPG,477.5,82.1,PLAYING
1393,Helldivers 2,Coop Shooter,192.8,97.9,COMPLETED
1393,Baldurs Gate 3,RPG,665.5,10.2,PLAYING
1394,Monster Hunter Wilds,Action RPG,0.7,2.6,BACKLOG
1394,Tekken 8,Fighting,378.5,89.5,PLAYING
1394,Baldurs Gate 3,RPG,30.4,0.9,ABANDONED
1395,Minecraft,Sandbox,45.6,88.3,COMPLETED
1395,Dota 2,MOBA,634.4,39.5,PLAYING
1396,Fortnite,Battle Royale,14.3,64.4,PLAYING
1396,The Sims 4,Simulation,58.7,51.4,COMPLETED
1396,Counter-Strike 2,Tactical Shooter,642.5,51.5,PLAYING
1396,GTA V,Open World,9.4,86.3,PLAYING
1398,The Sims 4,Simulation,510.1,74.2,PLAYING
1398,Street Fighter 6,Fighting,6.8,10.9,ABANDONED
1398,League of Legends,MOBA,249.2,66.5,COMPLETED
1399,Valorant,Tactical Shooter,19.1,75.1,COMPLETED
1399,Cyberpunk 2077,Action RPG,24.9,22.6,ABANDONED
1399,Baldurs Gate 3,RPG,0.4,2.8,BACKLOG
1399,Pokemon Legends Z-A,RPG,187.8,88.0,PLAYING
1402,Stardew Valley,Simulation,26.3,55.1,COMPLETED
1402,Helldivers 2,Coop Shooter,57.5,81.4,COMPLETED
1402,Roblox,Platform,377.8,29.9,PLAYING
1402,EA Sports FC 26,Sports,621.6,46.5,PLAYING
1402,GTA V,Open World,99.3,97.5,COMPLETED
1404,Elden Ring,Action RPG,113.4,98.9,COMPLETED
1404,Monster Hunter Wilds,Action RPG,639.8,7.7,PLAYING
1404,Hollow Knight Silksong,Metroidvania,0.3,0.6,BACKLOG
1404,EA Sports FC 26,Sports,207.5,64.1,COMPLETED
1404,Rocket League,Sports,1.2,4.1,BACKLOG
1405,Cyberpunk 2077,Action RPG,0.0,1.4,BACKLOG
1405,Street Fighter 6,Fighting,0.8,0.6,BACKLOG
1405,Tekken 8,Fighting,569.0,13.2,PLAYING
1405,Roblox,Platform,145.7,52.2,COMPLETED
1405,Rocket League,Sports,187.3,5.1,PLAYING
1406,Baldurs Gate 3,RPG,523.5,77.9,PLAYING
1406,Fortnite,Battle Royale,1.1,4.3,BACKLOG
1406,GTA V,Open World,299.1,44.3,PLAYING
1406,Dead by Daylight,Horror,161.7,42.5,PLAYING
1410,Street Fighter 6,Fighting,245.2,22.0,PLAYING
1410,Overwatch 2,Hero Shooter,519.6,68.9,PLAYING
1410,Dota 2,MOBA,29.0,27.9,ABANDONED
1410,Valorant,Tactical Shooter,1.5,0.8,BACKLOG
1410,Dead by Daylight,Horror,32.2,9.7,ABANDONED
1414,Elden Ring,Action RPG,223.9,72.4,COMPLETED
1414,Dead by Daylight,Horror,8.2,3.2,ABANDONED
1414,Minecraft,Sandbox,232.2,48.8,COMPLETED
1414,GTA V,Open World,169.0,94.9,COMPLETED
1414,The Sims 4,Simulation,1.1,5.0,BACKLOG
1415,Tekken 8,Fighting,30.6,67.8,PLAYING
1416,Elden Ring,Action RPG,96.3,79.8,PLAYING
1416,Helldivers 2,Coop Shooter,379.3,33.4,PLAYING
1416,Fortnite,Battle Royale,542.8,51.4,PLAYING
1416,Monster Hunter Wilds,Action RPG,0.6,4.0,BACKLOG
1418,Stardew Valley,Simulation,0.5,2.8,BACKLOG
1418,Minecraft,Sandbox,111.7,77.9,COMPLETED
1418,Fortnite,Battle Royale,529.5,89.5,PLAYING
1418,Dead by Daylight,Horror,550.8,38.6,PLAYING
1418,Hades II,Roguelike,511.5,90.2,PLAYING
1419,Hollow Knight Silksong,Metroidvania,1.3,0.3,BACKLOG
1419,GTA V,Open World,129.9,39.1,PLAYING
1419,Valorant,Tactical Shooter,13.7,29.9,ABANDONED
1419,Hades II,Roguelike,123.9,82.9,COMPLETED
1420,Stardew Valley,Simulation,1.0,2.2,BACKLOG
1420,Elden Ring,Action RPG,50.6,96.8,COMPLETED
1420,Dead by Daylight,Horror,194.0,8.3,PLAYING
1421,Helldivers 2,Coop Shooter,49.4,21.7,PLAYING
1421,Fortnite,Battle Royale,174.2,62.3,COMPLETED
1421,Roblox,Platform,124.4,89.6,COMPLETED
1421,Hades II,Roguelike,0.6,0.4,BACKLOG
1421,Baldurs Gate 3,RPG,1.2,1.1,BACKLOG
1422,Roblox,Platform,88.4,60.5,COMPLETED
1422,Valorant,Tactical Shooter,0.8,0.0,BACKLOG
1422,Overwatch 2,Hero Shooter,1.4,0.2,BACKLOG
1423,Counter-Strike 2,Tactical Shooter,361.2,60.6,PLAYING
1423,Marvel Rivals,Hero Shooter,1.4,28.5,ABANDONED
1423,Monster Hunter Wilds,Action RPG,641.2,69.7,PLAYING
1424,Dead by Daylight,Horror,4.6,18.8,ABANDONED
1426,Dead by Daylight,Horror,605.9,18.3,PLAYING
1426,Tekken 8,Fighting,101.3,80.8,COMPLETED
1427,Pokemon Legends Z-A,RPG,136.2,12.9,PLAYING
1427,Fortnite,Battle Royale,0.3,0.9,BACKLOG
1427,Rocket League,Sports,118.1,76.8,PLAYING
1427,Dota 2,MOBA,0.2,2.1,BACKLOG
1427,Elden Ring,Action RPG,55.9,99.7,COMPLETED
1428,Valorant,Tactical Shooter,132.5,78.5,COMPLETED
1429,Fortnite,Battle Royale,171.1,50.8,PLAYING
1430,Rocket League,Sports,181.0,74.2,PLAYING
1430,GTA V,Open World,228.7,31.8,PLAYING
1431,Baldurs Gate 3,RPG,24.9,20.0,ABANDONED
1431,Marvel Rivals,Hero Shooter,616.5,14.1,PLAYING
1431,Rocket League,Sports,1.3,0.3,BACKLOG
1432,Rocket League,Sports,0.5,4.8,BACKLOG
1433,Rocket League,Sports,317.5,94.7,PLAYING
1433,Tekken 8,Fighting,111.1,52.6,COMPLETED
1433,GTA V,Open World,8.3,3.2,ABANDONED
1433,Street Fighter 6,Fighting,69.6,63.5,COMPLETED
1434,Valorant,Tactical Shooter,594.6,34.0,PLAYING
1434,Elden Ring,Action RPG,29.8,28.0,ABANDONED
1434,League of Legends,MOBA,9.6,23.0,ABANDONED
1434,The Sims 4,Simulation,391.2,61.9,PLAYING
1434,Monster Hunter Wilds,Action RPG,638.8,93.9,PLAYING
1435,Hades II,Roguelike,0.8,3.1,BACKLOG
1435,The Sims 4,Simulation,279.6,50.3,PLAYING
1437,Street Fighter 6,Fighting,184.8,83.1,PLAYING
1437,League of Legends,MOBA,1.4,2.0,BACKLOG
1437,Hollow Knight Silksong,Metroidvania,1.5,1.0,BACKLOG
1437,Roblox,Platform,210.8,69.5,PLAYING
1437,Valorant,Tactical Shooter,0.9,1.5,BACKLOG
1439,Hades II,Roguelike,164.3,85.2,PLAYING
1439,Monster Hunter Wilds,Action RPG,320.4,86.4,PLAYING
1439,Pokemon Legends Z-A,RPG,222.9,47.6,COMPLETED
1439,Marvel Rivals,Hero Shooter,1.4,3.5,BACKLOG
1440,GTA V,Open World,193.6,46.1,COMPLETED
1440,Overwatch 2,Hero Shooter,133.0,85.9,COMPLETED
1440,EA Sports FC 26,Sports,210.5,94.9,COMPLETED
1442,Hollow Knight Silksong,Metroidvania,104.6,36.3,PLAYING
1442,Marvel Rivals,Hero Shooter,60.5,67.8,COMPLETED
1442,Dota 2,MOBA,1.2,1.0,BACKLOG
1443,Minecraft,Sandbox,1.3,0.7,BACKLOG
1443,Monster Hunter Wilds,Action RPG,233.2,68.3,COMPLETED
1443,Valorant,Tactical Shooter,313.1,7.7,PLAYING
1444,Valorant,Tactical Shooter,63.2,42.8,PLAYING
1444,Counter-Strike 2,Tactical Shooter,110.4,49.8,COMPLETED
1444,Marvel Rivals,Hero Shooter,256.3,20.4,PLAYING
1444,Street Fighter 6,Fighting,213.1,66.5,COMPLETED
1444,Pokemon Legends Z-A,RPG,399.9,10.8,PLAYING
1447,Fortnite,Battle Royale,1.1,1.0,BACKLOG
1447,Monster Hunter Wilds,Action RPG,567.6,68.5,PLAYING
1447,Hollow Knight Silksong,Metroidvania,662.7,76.2,PLAYING
1447,League of Legends,MOBA,192.8,86.5,COMPLETED
1447,Dota 2,MOBA,34.3,65.5,COMPLETED
1448,Fortnite,Battle Royale,150.0,74.2,COMPLETED
1448,Hollow Knight Silksong,Metroidvania,22.0,18.5,ABANDONED
1448,Valorant,Tactical Shooter,107.4,99.5,COMPLETED
1448,Tekken 8,Fighting,210.1,28.5,PLAYING
1449,Dota 2,MOBA,47.1,75.4,COMPLETED
1449,Elden Ring,Action RPG,397.7,31.9,PLAYING
1449,Monster Hunter Wilds,Action RPG,423.2,43.5,PLAYING
1449,Street Fighter 6,Fighting,605.9,56.1,PLAYING
1450,Stardew Valley,Simulation,50.6,78.0,COMPLETED
1451,Hades II,Roguelike,0.7,3.0,BACKLOG
1452,Tekken 8,Fighting,195.6,33.4,PLAYING
1452,Baldurs Gate 3,RPG,392.9,74.4,PLAYING
1453,Helldivers 2,Coop Shooter,69.1,33.8,PLAYING
1453,Pokemon Legends Z-A,RPG,6.2,29.6,ABANDONED
1453,Baldurs Gate 3,RPG,578.1,57.3,PLAYING
1454,Overwatch 2,Hero Shooter,676.1,71.3,PLAYING
1454,Cyberpunk 2077,Action RPG,225.9,96.2,COMPLETED
1454,Counter-Strike 2,Tactical Shooter,0.1,5.0,BACKLOG
1454,GTA V,Open World,0.2,4.4,BACKLOG
1455,Pokemon Legends Z-A,RPG,0.4,0.5,BACKLOG
1455,Valorant,Tactical Shooter,30.6,46.5,COMPLETED
1456,Valorant,Tactical Shooter,15.4,11.1,ABANDONED
1456,Stardew Valley,Simulation,36.4,77.0,COMPLETED
1456,Elden Ring,Action RPG,39.6,69.5,PLAYING
1456,Baldurs Gate 3,RPG,413.7,68.6,PLAYING
1456,Dead by Daylight,Horror,574.2,23.1,PLAYING
1457,Hollow Knight Silksong,Metroidvania,1.2,4.6,BACKLOG
1458,Dota 2,MOBA,1.4,1.1,BACKLOG
1459,Minecraft,Sandbox,368.8,35.1,PLAYING
1459,The Sims 4,Simulation,50.0,56.1,COMPLETED
1459,Valorant,Tactical Shooter,245.9,95.1,COMPLETED
1459,Fortnite,Battle Royale,575.4,53.9,PLAYING
1459,Baldurs Gate 3,RPG,33.3,28.2,ABANDONED
1460,Fortnite,Battle Royale,129.2,89.2,COMPLETED
1460,Dead by Daylight,Horror,0.6,4.6,BACKLOG
1461,Fortnite,Battle Royale,1.2,4.1,BACKLOG
1461,Hollow Knight Silksong,Metroidvania,0.3,3.5,BACKLOG
1461,Baldurs Gate 3,RPG,574.6,9.9,PLAYING
1461,Dota 2,MOBA,1.0,1.0,BACKLOG
1462,Elden Ring,Action RPG,482.5,60.9,PLAYING
1462,Hollow Knight Silksong,Metroidvania,23.4,88.0,COMPLETED
1462,Baldurs Gate 3,RPG,28.4,11.3,ABANDONED
1463,Dota 2,MOBA,65.5,29.6,PLAYING
1463,Dead by Daylight,Horror,51.2,91.6,COMPLETED
1464,League of Legends,MOBA,547.9,72.7,PLAYING
1465,Monster Hunter Wilds,Action RPG,672.6,65.5,PLAYING
1466,Fortnite,Battle Royale,571.1,24.7,PLAYING
1467,Hades II,Roguelike,510.8,82.5,PLAYING
1467,Helldivers 2,Coop Shooter,23.1,96.4,COMPLETED
1467,Marvel Rivals,Hero Shooter,564.2,6.7,PLAYING
1467,Stardew Valley,Simulation,201.7,72.3,COMPLETED
1467,Monster Hunter Wilds,Action RPG,186.1,66.2,PLAYING
1469,Counter-Strike 2,Tactical Shooter,67.5,80.7,COMPLETED
1469,The Sims 4,Simulation,234.5,50.1,COMPLETED
1469,Cyberpunk 2077,Action RPG,61.0,78.8,PLAYING
1469,Street Fighter 6,Fighting,34.8,25.0,ABANDONED
1469,Tekken 8,Fighting,656.2,28.1,PLAYING
1471,Fortnite,Battle Royale,243.0,22.3,PLAYING
1471,Dota 2,MOBA,172.9,18.0,PLAYING
1471,GTA V,Open World,113.1,74.4,PLAYING
1471,Counter-Strike 2,Tactical Shooter,32.7,28.7,ABANDONED
1471,The Sims 4,Simulation,23.5,15.3,ABANDONED
1472,Minecraft,Sandbox,243.4,97.2,COMPLETED
1472,Valorant,Tactical Shooter,105.2,46.4,PLAYING
1472,The Sims 4,Simulation,627.3,48.5,PLAYING
1472,Counter-Strike 2,Tactical Shooter,208.6,88.8,COMPLETED
1472,EA Sports FC 26,Sports,5.9,13.6,ABANDONED
1473,Marvel Rivals,Hero Shooter,232.2,82.8,PLAYING
1473,The Sims 4,Simulation,1.4,3.6,BACKLOG
1473,Monster Hunter Wilds,Action RPG,220.6,98.9,COMPLETED
1473,Baldurs Gate 3,RPG,542.9,55.6,PLAYING
1473,Dead by Daylight,Horror,1.2,2.4,BACKLOG
1474,Minecraft,Sandbox,0.5,2.8,BACKLOG
1475,Minecraft,Sandbox,0.4,3.4,BACKLOG
1475,Roblox,Platform,0.7,0.2,BACKLOG
1475,The Sims 4,Simulation,322.8,85.0,PLAYING
1475,Tekken 8,Fighting,0.3,3.3,BACKLOG
1476,Dota 2,MOBA,0.9,1.7,BACKLOG
1476,Cyberpunk 2077,Action RPG,1.3,3.1,BACKLOG
1476,Dead by Daylight,Horror,0.1,0.5,BACKLOG
1477,Cyberpunk 2077,Action RPG,0.3,0.8,BACKLOG
1477,The Sims 4,Simulation,0.6,1.9,BACKLOG
1478,Dead by Daylight,Horror,142.1,33.6,PLAYING
1478,Dota 2,MOBA,686.4,69.4,PLAYING
1478,Cyberpunk 2077,Action RPG,18.0,21.2,ABANDONED
1479,Tekken 8,Fighting,614.1,38.0,PLAYING
1479,Counter-Strike 2,Tactical Shooter,1.4,4.3,BACKLOG
1479,Pokemon Legends Z-A,RPG,82.0,87.5,PLAYING
1479,Hades II,Roguelike,510.9,51.5,PLAYING
1480,Overwatch 2,Hero Shooter,234.9,61.2,COMPLETED
1480,Dead by Daylight,Horror,208.6,63.0,PLAYING
1481,Hollow Knight Silksong,Metroidvania,9.3,9.2,ABANDONED
1481,Rocket League,Sports,421.9,9.3,PLAYING
1481,Marvel Rivals,Hero Shooter,198.4,74.6,COMPLETED
1481,Counter-Strike 2,Tactical Shooter,610.3,78.8,PLAYING
1482,Dota 2,MOBA,668.5,43.4,PLAYING
1482,Tekken 8,Fighting,23.6,73.9,COMPLETED
1483,Elden Ring,Action RPG,29.1,16.7,ABANDONED
1483,Pokemon Legends Z-A,RPG,357.3,49.0,PLAYING
1483,Tekken 8,Fighting,600.0,38.5,PLAYING
1483,Helldivers 2,Coop Shooter,507.5,61.7,PLAYING
1484,Fortnite,Battle Royale,241.4,33.4,PLAYING
1484,Baldurs Gate 3,RPG,1.4,3.4,BACKLOG
1484,Hades II,Roguelike,140.7,11.4,PLAYING
1487,Minecraft,Sandbox,1.4,0.4,BACKLOG
1487,Cyberpunk 2077,Action RPG,0.4,1.3,BACKLOG
1487,Dead by Daylight,Horror,102.0,45.6,PLAYING
1488,Baldurs Gate 3,RPG,72.2,50.9,COMPLETED
1489,Dead by Daylight,Horror,253.7,64.6,COMPLETED
1489,Valorant,Tactical Shooter,291.2,70.8,PLAYING
1490,Valorant,Tactical Shooter,674.4,72.2,PLAYING
1491,Hollow Knight Silksong,Metroidvania,76.8,95.0,COMPLETED
1491,Minecraft,Sandbox,1.3,3.2,BACKLOG
1491,League of Legends,MOBA,0.6,0.7,BACKLOG
1491,EA Sports FC 26,Sports,555.8,67.6,PLAYING
1491,Cyberpunk 2077,Action RPG,21.8,19.1,ABANDONED
1492,Overwatch 2,Hero Shooter,0.8,2.8,BACKLOG
1492,Rocket League,Sports,1.4,4.6,BACKLOG
1492,Elden Ring,Action RPG,4.8,19.4,ABANDONED
1492,EA Sports FC 26,Sports,322.9,22.6,PLAYING
1493,Dead by Daylight,Horror,142.5,64.7,COMPLETED
1494,Tekken 8,Fighting,182.2,74.2,COMPLETED
1496,Cyberpunk 2077,Action RPG,196.0,35.2,PLAYING
1496,League of Legends,MOBA,0.8,2.7,BACKLOG
1496,Marvel Rivals,Hero Shooter,575.8,44.9,PLAYING
1496,GTA V,Open World,475.1,14.2,PLAYING
1497,Monster Hunter Wilds,Action RPG,76.8,90.0,COMPLETED
1497,Fortnite,Battle Royale,79.5,84.3,COMPLETED
1497,Hades II,Roguelike,52.4,35.4,PLAYING
1497,Counter-Strike 2,Tactical Shooter,637.4,66.0,PLAYING
1497,Tekken 8,Fighting,51.7,54.9,COMPLETED
1498,Roblox,Platform,25.0,54.7,PLAYING
1498,Hollow Knight Silksong,Metroidvania,251.2,48.9,PLAYING
1498,Minecraft,Sandbox,64.2,87.4,COMPLETED
1498,League of Legends,MOBA,140.7,96.8,COMPLETED
1498,Counter-Strike 2,Tactical Shooter,1.4,2.6,BACKLOG
1499,Valorant,Tactical Shooter,602.2,10.5,PLAYING
